-- MySQL dump 10.13  Distrib 8.0.19, for osx10.13 (x86_64)
--
-- Host: localhost    Database: print_service
-- ------------------------------------------------------
-- Server version	8.0.19

/*!40101 SET @OLD_CHARACTER_SET_CLIENT=@@CHARACTER_SET_CLIENT */;
/*!40101 SET @OLD_CHARACTER_SET_RESULTS=@@CHARACTER_SET_RESULTS */;
/*!40101 SET @OLD_COLLATION_CONNECTION=@@COLLATION_CONNECTION */;
/*!50503 SET NAMES utf8mb4 */;
/*!40103 SET @OLD_TIME_ZONE=@@TIME_ZONE */;
/*!40103 SET TIME_ZONE='+00:00' */;
/*!40014 SET @OLD_UNIQUE_CHECKS=@@UNIQUE_CHECKS, UNIQUE_CHECKS=0 */;
/*!40014 SET @OLD_FOREIGN_KEY_CHECKS=@@FOREIGN_KEY_CHECKS, FOREIGN_KEY_CHECKS=0 */;
/*!40101 SET @OLD_SQL_MODE=@@SQL_MODE, SQL_MODE='NO_AUTO_VALUE_ON_ZERO' */;
/*!40111 SET @OLD_SQL_NOTES=@@SQL_NOTES, SQL_NOTES=0 */;

--
-- Table structure for table `cities`
--

DROP TABLE IF EXISTS `cities`;
/*!40101 SET @saved_cs_client     = @@character_set_client */;
/*!50503 SET character_set_client = utf8mb4 */;
CREATE TABLE `cities` (
  `id` int unsigned NOT NULL AUTO_INCREMENT,
  `name` varchar(50) NOT NULL,
  PRIMARY KEY (`id`)
) ENGINE=InnoDB AUTO_INCREMENT=4 DEFAULT CHARSET=utf8mb4 COLLATE=utf8mb4_0900_ai_ci;
/*!40101 SET character_set_client = @saved_cs_client */;

--
-- Dumping data for table `cities`
--

LOCK TABLES `cities` WRITE;
/*!40000 ALTER TABLE `cities` DISABLE KEYS */;
INSERT INTO `cities` VALUES (1,'Москва'),(2,'Санкт-Петербург'),(3,'Нижний Новгород');
/*!40000 ALTER TABLE `cities` ENABLE KEYS */;
UNLOCK TABLES;

--
-- Table structure for table `clients`
--

DROP TABLE IF EXISTS `clients`;
/*!40101 SET @saved_cs_client     = @@character_set_client */;
/*!50503 SET character_set_client = utf8mb4 */;
CREATE TABLE `clients` (
  `id` int unsigned NOT NULL AUTO_INCREMENT,
  `name` varchar(50) NOT NULL,
  PRIMARY KEY (`id`)
) ENGINE=InnoDB AUTO_INCREMENT=5 DEFAULT CHARSET=utf8mb4 COLLATE=utf8mb4_0900_ai_ci;
/*!40101 SET character_set_client = @saved_cs_client */;

--
-- Dumping data for table `clients`
--

LOCK TABLES `clients` WRITE;
/*!40000 ALTER TABLE `clients` DISABLE KEYS */;
INSERT INTO `clients` VALUES (1,'Сбербанк'),(2,'Альфа-Банк'),(3,'Росгосстрах'),(4,'Ренессанс Страхование');
/*!40000 ALTER TABLE `clients` ENABLE KEYS */;
UNLOCK TABLES;

--
-- Table structure for table `components`
--

DROP TABLE IF EXISTS `components`;
/*!40101 SET @saved_cs_client     = @@character_set_client */;
/*!50503 SET character_set_client = utf8mb4 */;
CREATE TABLE `components` (
  `id` int unsigned NOT NULL AUTO_INCREMENT,
  `s_n` varchar(30) NOT NULL DEFAULT 'None' COMMENT 'Серийный номер компонента',
  `directory_id` int unsigned DEFAULT NULL COMMENT 'id компонента в справочнике',
  `work_id` int unsigned DEFAULT NULL COMMENT 'id работы, в которой был использован компонент',
  `user_id` int unsigned DEFAULT NULL COMMENT 'id пользователя, добавившего компонент',
  `created_at` datetime DEFAULT CURRENT_TIMESTAMP,
  `updated_at` datetime DEFAULT CURRENT_TIMESTAMP ON UPDATE CURRENT_TIMESTAMP,
  PRIMARY KEY (`id`),
  KEY `component_directory_id_fk` (`directory_id`),
  KEY `component_work_id_fk` (`work_id`),
  KEY `component_user_id_fk` (`user_id`),
  CONSTRAINT `component_directory_id_fk` FOREIGN KEY (`directory_id`) REFERENCES `components_directory` (`id`) ON DELETE RESTRICT ON UPDATE CASCADE,
  CONSTRAINT `component_user_id_fk` FOREIGN KEY (`user_id`) REFERENCES `users` (`id`) ON DELETE SET NULL,
  CONSTRAINT `component_work_id_fk` FOREIGN KEY (`work_id`) REFERENCES `works` (`id`) ON DELETE CASCADE
) ENGINE=InnoDB DEFAULT CHARSET=utf8mb4 COLLATE=utf8mb4_0900_ai_ci;
/*!40101 SET character_set_client = @saved_cs_client */;

--
-- Dumping data for table `components`
--

LOCK TABLES `components` WRITE;
/*!40000 ALTER TABLE `components` DISABLE KEYS */;
/*!40000 ALTER TABLE `components` ENABLE KEYS */;
UNLOCK TABLES;

--
-- Table structure for table `components_directory`
--

DROP TABLE IF EXISTS `components_directory`;
/*!40101 SET @saved_cs_client     = @@character_set_client */;
/*!50503 SET character_set_client = utf8mb4 */;
CREATE TABLE `components_directory` (
  `id` int unsigned NOT NULL AUTO_INCREMENT,
  `name` varchar(100) NOT NULL,
  PRIMARY KEY (`id`)
) ENGINE=InnoDB DEFAULT CHARSET=utf8mb4 COLLATE=utf8mb4_0900_ai_ci;
/*!40101 SET character_set_client = @saved_cs_client */;

--
-- Dumping data for table `components_directory`
--

LOCK TABLES `components_directory` WRITE;
/*!40000 ALTER TABLE `components_directory` DISABLE KEYS */;
/*!40000 ALTER TABLE `components_directory` ENABLE KEYS */;
UNLOCK TABLES;

--
-- Table structure for table `counters`
--

DROP TABLE IF EXISTS `counters`;
/*!40101 SET @saved_cs_client     = @@character_set_client */;
/*!50503 SET character_set_client = utf8mb4 */;
CREATE TABLE `counters` (
  `id` int unsigned NOT NULL AUTO_INCREMENT,
  `device_id` int unsigned DEFAULT NULL COMMENT 'id устройства к которому относится счётчик',
  `counter` int unsigned DEFAULT '0' COMMENT 'показания счётчика',
  `user_id` int unsigned DEFAULT NULL COMMENT 'id пользователя, добавившего показание счетчика',
  `created_at` datetime DEFAULT CURRENT_TIMESTAMP,
  PRIMARY KEY (`id`),
  KEY `counter_device_id_fk` (`device_id`),
  KEY `counter_user_id_fk` (`user_id`),
  CONSTRAINT `counter_device_id_fk` FOREIGN KEY (`device_id`) REFERENCES `devices` (`id`) ON DELETE SET NULL,
  CONSTRAINT `counter_user_id_fk` FOREIGN KEY (`user_id`) REFERENCES `users` (`id`) ON DELETE SET NULL
) ENGINE=InnoDB AUTO_INCREMENT=511 DEFAULT CHARSET=utf8mb4 COLLATE=utf8mb4_0900_ai_ci;
/*!40101 SET character_set_client = @saved_cs_client */;

--
-- Dumping data for table `counters`
--

LOCK TABLES `counters` WRITE;
/*!40000 ALTER TABLE `counters` DISABLE KEYS */;
INSERT INTO `counters` VALUES (1,1,1044,1,'2020-07-23 15:34:07'),(2,2,6037,1,'2020-07-23 15:34:07'),(3,3,6996,1,'2020-07-23 15:34:07'),(4,4,5368,1,'2020-07-23 15:34:07'),(5,5,8460,1,'2020-07-23 15:34:07'),(6,6,1148,1,'2020-07-23 15:34:07'),(7,7,5115,1,'2020-07-23 15:34:07'),(8,8,1245,1,'2020-07-23 15:34:07'),(9,9,4164,1,'2020-07-23 15:34:07'),(10,10,6149,1,'2020-07-23 15:34:07'),(11,11,6049,1,'2020-07-23 15:34:07'),(12,12,5585,1,'2020-07-23 15:34:07'),(13,13,1735,1,'2020-07-23 15:34:07'),(14,14,9128,1,'2020-07-23 15:34:07'),(15,15,7385,1,'2020-07-23 15:34:07'),(16,16,4677,1,'2020-07-23 15:34:07'),(17,17,8353,1,'2020-07-23 15:34:07'),(18,18,1126,1,'2020-07-23 15:34:07'),(19,19,2917,1,'2020-07-23 15:34:07'),(20,20,7711,1,'2020-07-23 15:34:07'),(21,21,1584,1,'2020-07-23 15:34:07'),(22,22,5966,1,'2020-07-23 15:34:07'),(23,23,4989,1,'2020-07-23 15:34:07'),(24,24,2384,1,'2020-07-23 15:34:07'),(25,25,4129,1,'2020-07-23 15:34:07'),(26,26,6256,1,'2020-07-23 15:34:07'),(27,27,5013,1,'2020-07-23 15:34:07'),(28,28,2973,1,'2020-07-23 15:34:07'),(29,29,1549,1,'2020-07-23 15:34:07'),(30,30,8589,1,'2020-07-23 15:34:07'),(31,31,5275,1,'2020-07-23 15:34:07'),(32,32,3693,1,'2020-07-23 15:34:07'),(33,33,3084,1,'2020-07-23 15:34:07'),(34,34,9511,1,'2020-07-23 15:34:07'),(35,35,4225,1,'2020-07-23 15:34:07'),(36,36,2890,1,'2020-07-23 15:34:07'),(37,37,8520,1,'2020-07-23 15:34:07'),(38,38,4214,1,'2020-07-23 15:34:07'),(39,39,2263,1,'2020-07-23 15:34:07'),(40,40,5787,1,'2020-07-23 15:34:07'),(41,41,3680,1,'2020-07-23 15:34:07'),(42,42,6971,1,'2020-07-23 15:34:07'),(43,43,6950,1,'2020-07-23 15:34:07'),(44,44,6537,1,'2020-07-23 15:34:07'),(45,45,6831,1,'2020-07-23 15:34:07'),(46,46,7056,1,'2020-07-23 15:34:07'),(47,47,2823,1,'2020-07-23 15:34:07'),(48,48,7014,1,'2020-07-23 15:34:07'),(49,49,5975,1,'2020-07-23 15:34:07'),(50,50,1790,1,'2020-07-23 15:34:07'),(51,51,6365,1,'2020-07-23 15:34:07'),(52,52,8981,1,'2020-07-23 15:34:07'),(53,53,4588,1,'2020-07-23 15:34:07'),(54,54,1270,1,'2020-07-23 15:34:07'),(55,55,8770,1,'2020-07-23 15:34:07'),(56,56,7594,1,'2020-07-23 15:34:07'),(57,57,7151,1,'2020-07-23 15:34:07'),(58,58,1240,1,'2020-07-23 15:34:07'),(59,59,1942,1,'2020-07-23 15:34:07'),(60,60,5557,1,'2020-07-23 15:34:07'),(61,61,2250,1,'2020-07-23 15:34:07'),(62,62,1749,1,'2020-07-23 15:34:07'),(63,63,8008,1,'2020-07-23 15:34:07'),(64,64,8935,1,'2020-07-23 15:34:07'),(65,65,6256,1,'2020-07-23 15:34:07'),(66,66,6958,1,'2020-07-23 15:34:07'),(67,67,7203,1,'2020-07-23 15:34:07'),(68,68,3747,1,'2020-07-23 15:34:07'),(69,69,4291,1,'2020-07-23 15:34:07'),(70,70,1686,1,'2020-07-23 15:34:07'),(71,71,1592,1,'2020-07-23 15:34:07'),(72,72,5596,1,'2020-07-23 15:34:07'),(73,73,1611,1,'2020-07-23 15:34:07'),(74,74,5588,1,'2020-07-23 15:34:07'),(75,75,2608,1,'2020-07-23 15:34:07'),(76,76,2924,1,'2020-07-23 15:34:07'),(77,77,8151,1,'2020-07-23 15:34:07'),(78,78,3323,1,'2020-07-23 15:34:07'),(79,79,4847,1,'2020-07-23 15:34:07'),(80,80,7317,1,'2020-07-23 15:34:07'),(81,81,2490,1,'2020-07-23 15:34:07'),(82,82,1079,1,'2020-07-23 15:34:07'),(83,83,6866,1,'2020-07-23 15:34:07'),(84,84,9993,1,'2020-07-23 15:34:07'),(85,85,3210,1,'2020-07-23 15:34:07'),(86,86,6970,1,'2020-07-23 15:34:07'),(87,87,8591,1,'2020-07-23 15:34:07'),(88,88,8345,1,'2020-07-23 15:34:07'),(89,89,8660,1,'2020-07-23 15:34:07'),(90,90,3899,1,'2020-07-23 15:34:07'),(91,91,3222,1,'2020-07-23 15:34:07'),(92,92,2198,1,'2020-07-23 15:34:07'),(93,93,1747,1,'2020-07-23 15:34:07'),(94,94,9867,1,'2020-07-23 15:34:07'),(95,95,5574,1,'2020-07-23 15:34:07'),(96,96,5831,1,'2020-07-23 15:34:07'),(97,97,8701,1,'2020-07-23 15:34:07'),(98,98,1998,1,'2020-07-23 15:34:07'),(99,99,2698,1,'2020-07-23 15:34:07'),(100,100,6349,1,'2020-07-23 15:34:07'),(101,101,9489,1,'2020-07-23 15:34:07'),(102,102,2515,1,'2020-07-23 15:34:07'),(103,103,8650,1,'2020-07-23 15:34:07'),(104,104,1722,1,'2020-07-23 15:34:07'),(105,105,2399,1,'2020-07-23 15:34:07'),(106,106,6005,1,'2020-07-23 15:34:07'),(107,107,7989,1,'2020-07-23 15:34:07'),(108,108,9965,1,'2020-07-23 15:34:07'),(109,109,2086,1,'2020-07-23 15:34:07'),(110,110,5373,1,'2020-07-23 15:34:07'),(111,111,3404,1,'2020-07-23 15:34:07'),(112,112,9189,1,'2020-07-23 15:34:07'),(113,113,9945,1,'2020-07-23 15:34:07'),(114,114,2974,1,'2020-07-23 15:34:07'),(115,115,6429,1,'2020-07-23 15:34:07'),(116,116,3952,1,'2020-07-23 15:34:07'),(117,117,6579,1,'2020-07-23 15:34:07'),(118,118,4905,1,'2020-07-23 15:34:07'),(119,119,7658,1,'2020-07-23 15:34:07'),(120,120,4954,1,'2020-07-23 15:34:07'),(121,121,7463,1,'2020-07-23 15:34:07'),(122,122,9513,1,'2020-07-23 15:34:07'),(123,123,2326,1,'2020-07-23 15:34:07'),(124,124,1639,1,'2020-07-23 15:34:07'),(125,125,9157,1,'2020-07-23 15:34:07'),(126,126,4590,1,'2020-07-23 15:34:07'),(127,127,5708,1,'2020-07-23 15:34:07'),(128,128,5224,1,'2020-07-23 15:34:07'),(129,129,4610,1,'2020-07-23 15:34:07'),(130,130,7943,1,'2020-07-23 15:34:07'),(131,131,9083,1,'2020-07-23 15:34:07'),(132,132,8654,1,'2020-07-23 15:34:07'),(133,133,1260,1,'2020-07-23 15:34:07'),(134,134,3843,1,'2020-07-23 15:34:07'),(135,135,4067,1,'2020-07-23 15:34:07'),(136,136,7033,1,'2020-07-23 15:34:07'),(137,137,9472,1,'2020-07-23 15:34:07'),(138,138,4834,1,'2020-07-23 15:34:07'),(139,139,5076,1,'2020-07-23 15:34:07'),(140,140,7812,1,'2020-07-23 15:34:07'),(141,141,3097,1,'2020-07-23 15:34:07'),(142,142,8439,1,'2020-07-23 15:34:07'),(143,143,5363,1,'2020-07-23 15:34:07'),(144,144,6654,1,'2020-07-23 15:34:07'),(145,145,1591,1,'2020-07-23 15:34:07'),(146,146,8566,1,'2020-07-23 15:34:07'),(147,147,9148,1,'2020-07-23 15:34:07'),(148,148,3812,1,'2020-07-23 15:34:07'),(149,149,1891,1,'2020-07-23 15:34:07'),(150,150,8628,1,'2020-07-23 15:34:07'),(151,151,9567,1,'2020-07-23 15:34:07'),(152,152,5727,1,'2020-07-23 15:34:07'),(153,153,5009,1,'2020-07-23 15:34:07'),(154,154,3548,1,'2020-07-23 15:34:07'),(155,155,9088,1,'2020-07-23 15:34:07'),(156,156,3298,1,'2020-07-23 15:34:07'),(157,157,8775,1,'2020-07-23 15:34:07'),(158,158,4065,1,'2020-07-23 15:34:07'),(159,159,6047,1,'2020-07-23 15:34:07'),(160,160,7634,1,'2020-07-23 15:34:07'),(161,161,4921,1,'2020-07-23 15:34:07'),(162,162,7462,1,'2020-07-23 15:34:07'),(163,163,1268,1,'2020-07-23 15:34:07'),(164,164,3431,1,'2020-07-23 15:34:07'),(165,165,6474,1,'2020-07-23 15:34:07'),(166,166,2152,1,'2020-07-23 15:34:07'),(167,167,3859,1,'2020-07-23 15:34:07'),(168,168,2480,1,'2020-07-23 15:34:07'),(169,169,5688,1,'2020-07-23 15:34:07'),(170,170,1848,1,'2020-07-23 15:34:07'),(171,171,6416,1,'2020-07-23 15:34:07'),(172,172,1350,1,'2020-07-23 15:34:07'),(173,173,6536,1,'2020-07-23 15:34:07'),(174,174,8682,1,'2020-07-23 15:34:07'),(175,175,6337,1,'2020-07-23 15:34:07'),(176,176,8336,1,'2020-07-23 15:34:07'),(177,177,2376,1,'2020-07-23 15:34:07'),(178,178,5722,1,'2020-07-23 15:34:07'),(179,179,1735,1,'2020-07-23 15:34:07'),(180,180,4387,1,'2020-07-23 15:34:07'),(181,181,2007,1,'2020-07-23 15:34:07'),(182,182,6984,1,'2020-07-23 15:34:07'),(183,183,5643,1,'2020-07-23 15:34:07'),(184,184,9297,1,'2020-07-23 15:34:07'),(185,185,3072,1,'2020-07-23 15:34:07'),(186,186,2291,1,'2020-07-23 15:34:07'),(187,187,7630,1,'2020-07-23 15:34:07'),(188,188,6884,1,'2020-07-23 15:34:07'),(189,189,3518,1,'2020-07-23 15:34:07'),(190,190,2796,1,'2020-07-23 15:34:07'),(191,191,3631,1,'2020-07-23 15:34:07'),(192,192,3932,1,'2020-07-23 15:34:07'),(193,193,4614,1,'2020-07-23 15:34:07'),(194,194,6171,1,'2020-07-23 15:34:07'),(195,195,9147,1,'2020-07-23 15:34:07'),(196,196,8714,1,'2020-07-23 15:34:07'),(197,197,5826,1,'2020-07-23 15:34:07'),(198,198,4564,1,'2020-07-23 15:34:07'),(199,199,3165,1,'2020-07-23 15:34:07'),(200,200,5428,1,'2020-07-23 15:34:07'),(201,201,9423,1,'2020-07-23 15:34:07'),(202,202,4205,1,'2020-07-23 15:34:07'),(203,203,7981,1,'2020-07-23 15:34:07'),(204,204,6140,1,'2020-07-23 15:34:07'),(205,205,5337,1,'2020-07-23 15:34:07'),(206,206,1082,1,'2020-07-23 15:34:07'),(207,207,2149,1,'2020-07-23 15:34:07'),(208,208,1165,1,'2020-07-23 15:34:07'),(209,209,7216,1,'2020-07-23 15:34:07'),(210,210,7246,1,'2020-07-23 15:34:07'),(211,211,6874,1,'2020-07-23 15:34:07'),(212,212,9472,1,'2020-07-23 15:34:07'),(213,213,9130,1,'2020-07-23 15:34:07'),(214,214,6565,1,'2020-07-23 15:34:07'),(215,215,4008,1,'2020-07-23 15:34:07'),(216,216,8622,1,'2020-07-23 15:34:07'),(217,217,3221,1,'2020-07-23 15:34:07'),(218,218,5001,1,'2020-07-23 15:34:07'),(219,219,1975,1,'2020-07-23 15:34:07'),(220,220,2627,1,'2020-07-23 15:34:07'),(221,221,3238,1,'2020-07-23 15:34:07'),(222,222,4630,1,'2020-07-23 15:34:07'),(223,223,6747,1,'2020-07-23 15:34:07'),(224,224,5846,1,'2020-07-23 15:34:07'),(225,225,2167,1,'2020-07-23 15:34:07'),(226,226,2386,1,'2020-07-23 15:34:07'),(227,227,1323,1,'2020-07-23 15:34:07'),(228,228,2827,1,'2020-07-23 15:34:07'),(229,229,7733,1,'2020-07-23 15:34:07'),(230,230,8052,1,'2020-07-23 15:34:07'),(231,231,6063,1,'2020-07-23 15:34:07'),(232,232,2574,1,'2020-07-23 15:34:07'),(233,233,4720,1,'2020-07-23 15:34:07'),(234,234,2780,1,'2020-07-23 15:34:07'),(235,235,3648,1,'2020-07-23 15:34:07'),(236,236,9276,1,'2020-07-23 15:34:07'),(237,237,8087,1,'2020-07-23 15:34:07'),(238,238,6371,1,'2020-07-23 15:34:07'),(239,239,1169,1,'2020-07-23 15:34:07'),(240,240,4805,1,'2020-07-23 15:34:07'),(241,241,3061,1,'2020-07-23 15:34:07'),(242,242,1473,1,'2020-07-23 15:34:07'),(243,243,6551,1,'2020-07-23 15:34:07'),(244,244,3175,1,'2020-07-23 15:34:07'),(245,245,9206,1,'2020-07-23 15:34:07'),(246,246,2295,1,'2020-07-23 15:34:07'),(247,247,5359,1,'2020-07-23 15:34:07'),(248,248,7657,1,'2020-07-23 15:34:07'),(249,249,5294,1,'2020-07-23 15:34:07'),(250,250,9471,1,'2020-07-23 15:34:07'),(256,1,3395,1,'2020-07-23 15:54:45'),(257,2,8618,1,'2020-07-23 15:54:45'),(258,3,8895,1,'2020-07-23 15:54:45'),(259,4,7361,1,'2020-07-23 15:54:45'),(260,5,9548,1,'2020-07-23 15:54:45'),(261,6,3276,1,'2020-07-23 15:54:45'),(262,7,6415,1,'2020-07-23 15:54:45'),(263,8,2369,1,'2020-07-23 15:54:45'),(264,9,5557,1,'2020-07-23 15:54:45'),(265,10,8563,1,'2020-07-23 15:54:45'),(266,11,7938,1,'2020-07-23 15:54:45'),(267,12,7571,1,'2020-07-23 15:54:45'),(268,13,4077,1,'2020-07-23 15:54:45'),(269,14,11112,1,'2020-07-23 15:54:45'),(270,15,10120,1,'2020-07-23 15:54:45'),(271,16,6730,1,'2020-07-23 15:54:45'),(272,17,10853,1,'2020-07-23 15:54:45'),(273,18,4030,1,'2020-07-23 15:54:45'),(274,19,5836,1,'2020-07-23 15:54:45'),(275,20,10011,1,'2020-07-23 15:54:45'),(276,21,2709,1,'2020-07-23 15:54:45'),(277,22,7854,1,'2020-07-23 15:54:45'),(278,23,7143,1,'2020-07-23 15:54:45'),(279,24,3713,1,'2020-07-23 15:54:45'),(280,25,5686,1,'2020-07-23 15:54:45'),(281,26,8524,1,'2020-07-23 15:54:45'),(282,27,6790,1,'2020-07-23 15:54:45'),(283,28,4596,1,'2020-07-23 15:54:45'),(284,29,3578,1,'2020-07-23 15:54:45'),(285,30,10175,1,'2020-07-23 15:54:45'),(286,31,7485,1,'2020-07-23 15:54:45'),(287,32,5394,1,'2020-07-23 15:54:45'),(288,33,5723,1,'2020-07-23 15:54:45'),(289,34,11209,1,'2020-07-23 15:54:45'),(290,35,6704,1,'2020-07-23 15:54:45'),(291,36,4820,1,'2020-07-23 15:54:45'),(292,37,11258,1,'2020-07-23 15:54:45'),(293,38,6815,1,'2020-07-23 15:54:45'),(294,39,4625,1,'2020-07-23 15:54:45'),(295,40,8251,1,'2020-07-23 15:54:45'),(296,41,5995,1,'2020-07-23 15:54:45'),(297,42,9406,1,'2020-07-23 15:54:45'),(298,43,9901,1,'2020-07-23 15:54:45'),(299,44,7800,1,'2020-07-23 15:54:45'),(300,45,8399,1,'2020-07-23 15:54:45'),(301,46,9524,1,'2020-07-23 15:54:45'),(302,47,5144,1,'2020-07-23 15:54:45'),(303,48,8532,1,'2020-07-23 15:54:45'),(304,49,8674,1,'2020-07-23 15:54:45'),(305,50,3671,1,'2020-07-23 15:54:45'),(306,51,7597,1,'2020-07-23 15:54:45'),(307,52,10455,1,'2020-07-23 15:54:45'),(308,53,5868,1,'2020-07-23 15:54:45'),(309,54,2933,1,'2020-07-23 15:54:45'),(310,55,10143,1,'2020-07-23 15:54:45'),(311,56,9889,1,'2020-07-23 15:54:45'),(312,57,8886,1,'2020-07-23 15:54:45'),(313,58,2817,1,'2020-07-23 15:54:45'),(314,59,4695,1,'2020-07-23 15:54:45'),(315,60,8284,1,'2020-07-23 15:54:45'),(316,61,4852,1,'2020-07-23 15:54:45'),(317,62,2946,1,'2020-07-23 15:54:45'),(318,63,10237,1,'2020-07-23 15:54:45'),(319,64,10601,1,'2020-07-23 15:54:45'),(320,65,8108,1,'2020-07-23 15:54:45'),(321,66,8373,1,'2020-07-23 15:54:45'),(322,67,9805,1,'2020-07-23 15:54:45'),(323,68,5656,1,'2020-07-23 15:54:45'),(324,69,5489,1,'2020-07-23 15:54:45'),(325,70,4457,1,'2020-07-23 15:54:45'),(326,71,2995,1,'2020-07-23 15:54:45'),(327,72,7431,1,'2020-07-23 15:54:45'),(328,73,4161,1,'2020-07-23 15:54:45'),(329,74,6691,1,'2020-07-23 15:54:45'),(330,75,3966,1,'2020-07-23 15:54:45'),(331,76,5488,1,'2020-07-23 15:54:45'),(332,77,9874,1,'2020-07-23 15:54:45'),(333,78,5011,1,'2020-07-23 15:54:45'),(334,79,6578,1,'2020-07-23 15:54:45'),(335,80,8722,1,'2020-07-23 15:54:45'),(336,81,3862,1,'2020-07-23 15:54:45'),(337,82,2354,1,'2020-07-23 15:54:45'),(338,83,8168,1,'2020-07-23 15:54:45'),(339,84,11733,1,'2020-07-23 15:54:45'),(340,85,5730,1,'2020-07-23 15:54:45'),(341,86,9542,1,'2020-07-23 15:54:45'),(342,87,10492,1,'2020-07-23 15:54:45'),(343,88,11055,1,'2020-07-23 15:54:45'),(344,89,10550,1,'2020-07-23 15:54:45'),(345,90,5756,1,'2020-07-23 15:54:45'),(346,91,4746,1,'2020-07-23 15:54:45'),(347,92,4028,1,'2020-07-23 15:54:45'),(348,93,2940,1,'2020-07-23 15:54:45'),(349,94,11212,1,'2020-07-23 15:54:45'),(350,95,8364,1,'2020-07-23 15:54:45'),(351,96,8409,1,'2020-07-23 15:54:45'),(352,97,11187,1,'2020-07-23 15:54:45'),(353,98,4940,1,'2020-07-23 15:54:45'),(354,99,5636,1,'2020-07-23 15:54:45'),(355,100,8027,1,'2020-07-23 15:54:45'),(356,101,11114,1,'2020-07-23 15:54:45'),(357,102,4377,1,'2020-07-23 15:54:45'),(358,103,11511,1,'2020-07-23 15:54:45'),(359,104,2722,1,'2020-07-23 15:54:45'),(360,105,4657,1,'2020-07-23 15:54:45'),(361,106,8837,1,'2020-07-23 15:54:45'),(362,107,10189,1,'2020-07-23 15:54:45'),(363,108,11755,1,'2020-07-23 15:54:45'),(364,109,4085,1,'2020-07-23 15:54:45'),(365,110,6486,1,'2020-07-23 15:54:45'),(366,111,5475,1,'2020-07-23 15:54:45'),(367,112,11517,1,'2020-07-23 15:54:45'),(368,113,12776,1,'2020-07-23 15:54:45'),(369,114,4652,1,'2020-07-23 15:54:45'),(370,115,7521,1,'2020-07-23 15:54:45'),(371,116,6947,1,'2020-07-23 15:54:45'),(372,117,8526,1,'2020-07-23 15:54:45'),(373,118,6625,1,'2020-07-23 15:54:45'),(374,119,10226,1,'2020-07-23 15:54:45'),(375,120,7836,1,'2020-07-23 15:54:45'),(376,121,8965,1,'2020-07-23 15:54:45'),(377,122,12042,1,'2020-07-23 15:54:45'),(378,123,5076,1,'2020-07-23 15:54:45'),(379,124,2713,1,'2020-07-23 15:54:45'),(380,125,11932,1,'2020-07-23 15:54:45'),(381,126,6398,1,'2020-07-23 15:54:45'),(382,127,8417,1,'2020-07-23 15:54:45'),(383,128,7383,1,'2020-07-23 15:54:45'),(384,129,7013,1,'2020-07-23 15:54:45'),(385,130,10412,1,'2020-07-23 15:54:45'),(386,131,11660,1,'2020-07-23 15:54:45'),(387,132,9996,1,'2020-07-23 15:54:45'),(388,133,3107,1,'2020-07-23 15:54:45'),(389,134,6012,1,'2020-07-23 15:54:45'),(390,135,6940,1,'2020-07-23 15:54:45'),(391,136,8158,1,'2020-07-23 15:54:45'),(392,137,12073,1,'2020-07-23 15:54:45'),(393,138,7616,1,'2020-07-23 15:54:45'),(394,139,7823,1,'2020-07-23 15:54:45'),(395,140,10372,1,'2020-07-23 15:54:45'),(396,141,5699,1,'2020-07-23 15:54:45'),(397,142,10357,1,'2020-07-23 15:54:45'),(398,143,6590,1,'2020-07-23 15:54:45'),(399,144,7667,1,'2020-07-23 15:54:45'),(400,145,3352,1,'2020-07-23 15:54:45'),(401,146,10225,1,'2020-07-23 15:54:45'),(402,147,11972,1,'2020-07-23 15:54:45'),(403,148,6456,1,'2020-07-23 15:54:45'),(404,149,4366,1,'2020-07-23 15:54:45'),(405,150,10650,1,'2020-07-23 15:54:45'),(406,151,10840,1,'2020-07-23 15:54:45'),(407,152,7005,1,'2020-07-23 15:54:45'),(408,153,7647,1,'2020-07-23 15:54:45'),(409,154,5132,1,'2020-07-23 15:54:45'),(410,155,10757,1,'2020-07-23 15:54:45'),(411,156,4684,1,'2020-07-23 15:54:45'),(412,157,10124,1,'2020-07-23 15:54:45'),(413,158,6792,1,'2020-07-23 15:54:45'),(414,159,7296,1,'2020-07-23 15:54:45'),(415,160,8961,1,'2020-07-23 15:54:45'),(416,161,6089,1,'2020-07-23 15:54:45'),(417,162,9487,1,'2020-07-23 15:54:45'),(418,163,2537,1,'2020-07-23 15:54:45'),(419,164,5081,1,'2020-07-23 15:54:45'),(420,165,8765,1,'2020-07-23 15:54:45'),(421,166,4093,1,'2020-07-23 15:54:45'),(422,167,6657,1,'2020-07-23 15:54:45'),(423,168,5000,1,'2020-07-23 15:54:45'),(424,169,7720,1,'2020-07-23 15:54:45'),(425,170,3099,1,'2020-07-23 15:54:45'),(426,171,9156,1,'2020-07-23 15:54:45'),(427,172,2359,1,'2020-07-23 15:54:45'),(428,173,8269,1,'2020-07-23 15:54:45'),(429,174,10786,1,'2020-07-23 15:54:45'),(430,175,7412,1,'2020-07-23 15:54:45'),(431,176,10123,1,'2020-07-23 15:54:45'),(432,177,4410,1,'2020-07-23 15:54:45'),(433,178,6860,1,'2020-07-23 15:54:45'),(434,179,4205,1,'2020-07-23 15:54:45'),(435,180,6034,1,'2020-07-23 15:54:45'),(436,181,4004,1,'2020-07-23 15:54:45'),(437,182,9605,1,'2020-07-23 15:54:45'),(438,183,6689,1,'2020-07-23 15:54:45'),(439,184,11109,1,'2020-07-23 15:54:45'),(440,185,4939,1,'2020-07-23 15:54:45'),(441,186,3365,1,'2020-07-23 15:54:45'),(442,187,10505,1,'2020-07-23 15:54:45'),(443,188,8288,1,'2020-07-23 15:54:45'),(444,189,5379,1,'2020-07-23 15:54:45'),(445,190,4044,1,'2020-07-23 15:54:45'),(446,191,4713,1,'2020-07-23 15:54:45'),(447,192,6836,1,'2020-07-23 15:54:45'),(448,193,6917,1,'2020-07-23 15:54:45'),(449,194,8411,1,'2020-07-23 15:54:45'),(450,195,11966,1,'2020-07-23 15:54:45'),(451,196,9939,1,'2020-07-23 15:54:45'),(452,197,7828,1,'2020-07-23 15:54:45'),(453,198,5680,1,'2020-07-23 15:54:45'),(454,199,4170,1,'2020-07-23 15:54:45'),(455,200,6494,1,'2020-07-23 15:54:45'),(456,201,11709,1,'2020-07-23 15:54:45'),(457,202,5676,1,'2020-07-23 15:54:45'),(458,203,9518,1,'2020-07-23 15:54:45'),(459,204,7458,1,'2020-07-23 15:54:45'),(460,205,6724,1,'2020-07-23 15:54:45'),(461,206,3426,1,'2020-07-23 15:54:45'),(462,207,4424,1,'2020-07-23 15:54:45'),(463,208,3133,1,'2020-07-23 15:54:45'),(464,209,9243,1,'2020-07-23 15:54:45'),(465,210,8693,1,'2020-07-23 15:54:45'),(466,211,9611,1,'2020-07-23 15:54:45'),(467,212,12009,1,'2020-07-23 15:54:45'),(468,213,11442,1,'2020-07-23 15:54:45'),(469,214,7606,1,'2020-07-23 15:54:45'),(470,215,6518,1,'2020-07-23 15:54:45'),(471,216,11079,1,'2020-07-23 15:54:45'),(472,217,5762,1,'2020-07-23 15:54:45'),(473,218,7190,1,'2020-07-23 15:54:45'),(474,219,4282,1,'2020-07-23 15:54:45'),(475,220,3868,1,'2020-07-23 15:54:45'),(476,221,6219,1,'2020-07-23 15:54:45'),(477,222,6138,1,'2020-07-23 15:54:45'),(478,223,9009,1,'2020-07-23 15:54:45'),(479,224,7070,1,'2020-07-23 15:54:45'),(480,225,4891,1,'2020-07-23 15:54:45'),(481,226,4016,1,'2020-07-23 15:54:45'),(482,227,2481,1,'2020-07-23 15:54:45'),(483,228,5360,1,'2020-07-23 15:54:45'),(484,229,10626,1,'2020-07-23 15:54:45'),(485,230,10344,1,'2020-07-23 15:54:45'),(486,231,7712,1,'2020-07-23 15:54:45'),(487,232,4197,1,'2020-07-23 15:54:45'),(488,233,6774,1,'2020-07-23 15:54:45'),(489,234,5287,1,'2020-07-23 15:54:45'),(490,235,5565,1,'2020-07-23 15:54:45'),(491,236,11055,1,'2020-07-23 15:54:45'),(492,237,10008,1,'2020-07-23 15:54:45'),(493,238,8132,1,'2020-07-23 15:54:45'),(494,239,4042,1,'2020-07-23 15:54:45'),(495,240,6869,1,'2020-07-23 15:54:45'),(496,241,5914,1,'2020-07-23 15:54:45'),(497,242,2642,1,'2020-07-23 15:54:45'),(498,243,9045,1,'2020-07-23 15:54:45'),(499,244,5911,1,'2020-07-23 15:54:45'),(500,245,11725,1,'2020-07-23 15:54:45'),(501,246,4679,1,'2020-07-23 15:54:45'),(502,247,6991,1,'2020-07-23 15:54:45'),(503,248,9667,1,'2020-07-23 15:54:45'),(504,249,6314,1,'2020-07-23 15:54:45'),(505,250,11257,1,'2020-07-23 15:54:45');
/*!40000 ALTER TABLE `counters` ENABLE KEYS */;
UNLOCK TABLES;
/*!50003 SET @saved_cs_client      = @@character_set_client */ ;
/*!50003 SET @saved_cs_results     = @@character_set_results */ ;
/*!50003 SET @saved_col_connection = @@collation_connection */ ;
/*!50003 SET character_set_client  = utf8mb4 */ ;
/*!50003 SET character_set_results = utf8mb4 */ ;
/*!50003 SET collation_connection  = utf8mb4_0900_ai_ci */ ;
/*!50003 SET @saved_sql_mode       = @@sql_mode */ ;
/*!50003 SET sql_mode              = 'ONLY_FULL_GROUP_BY,STRICT_TRANS_TABLES,NO_ZERO_IN_DATE,NO_ZERO_DATE,ERROR_FOR_DIVISION_BY_ZERO,NO_ENGINE_SUBSTITUTION' */ ;
DELIMITER ;;
/*!50003 CREATE*/ /*!50017 DEFINER=`root`@`localhost`*/ /*!50003 TRIGGER `add_counter_update_devices` AFTER INSERT ON `counters` FOR EACH ROW BEGIN
  UPDATE devices SET counter = NEW.counter WHERE id = NEW.device_id;
END */;;
DELIMITER ;
/*!50003 SET sql_mode              = @saved_sql_mode */ ;
/*!50003 SET character_set_client  = @saved_cs_client */ ;
/*!50003 SET character_set_results = @saved_cs_results */ ;
/*!50003 SET collation_connection  = @saved_col_connection */ ;

--
-- Temporary view structure for view `device_info`
--

DROP TABLE IF EXISTS `device_info`;
/*!50001 DROP VIEW IF EXISTS `device_info`*/;
SET @saved_cs_client     = @@character_set_client;
/*!50503 SET character_set_client = utf8mb4 */;
/*!50001 CREATE VIEW `device_info` AS SELECT 
 1 AS `id`,
 1 AS `s_n`,
 1 AS `vendor`,
 1 AS `name`,
 1 AS `counter`,
 1 AS `client`,
 1 AS `location`,
 1 AS `address`*/;
SET character_set_client = @saved_cs_client;

--
-- Table structure for table `device_statuses`
--

DROP TABLE IF EXISTS `device_statuses`;
/*!40101 SET @saved_cs_client     = @@character_set_client */;
/*!50503 SET character_set_client = utf8mb4 */;
CREATE TABLE `device_statuses` (
  `id` int unsigned NOT NULL AUTO_INCREMENT,
  `name` varchar(100) NOT NULL,
  PRIMARY KEY (`id`)
) ENGINE=InnoDB AUTO_INCREMENT=4 DEFAULT CHARSET=utf8mb4 COLLATE=utf8mb4_0900_ai_ci;
/*!40101 SET character_set_client = @saved_cs_client */;

--
-- Dumping data for table `device_statuses`
--

LOCK TABLES `device_statuses` WRITE;
/*!40000 ALTER TABLE `device_statuses` DISABLE KEYS */;
INSERT INTO `device_statuses` VALUES (1,'active'),(2,'repairing'),(3,'off_service');
/*!40000 ALTER TABLE `device_statuses` ENABLE KEYS */;
UNLOCK TABLES;

--
-- Table structure for table `device_types`
--

DROP TABLE IF EXISTS `device_types`;
/*!40101 SET @saved_cs_client     = @@character_set_client */;
/*!50503 SET character_set_client = utf8mb4 */;
CREATE TABLE `device_types` (
  `id` int unsigned NOT NULL AUTO_INCREMENT,
  `name` varchar(30) NOT NULL,
  PRIMARY KEY (`id`)
) ENGINE=InnoDB AUTO_INCREMENT=3 DEFAULT CHARSET=utf8mb4 COLLATE=utf8mb4_0900_ai_ci;
/*!40101 SET character_set_client = @saved_cs_client */;

--
-- Dumping data for table `device_types`
--

LOCK TABLES `device_types` WRITE;
/*!40000 ALTER TABLE `device_types` DISABLE KEYS */;
INSERT INTO `device_types` VALUES (1,'printer'),(2,'mfp');
/*!40000 ALTER TABLE `device_types` ENABLE KEYS */;
UNLOCK TABLES;

--
-- Table structure for table `devices`
--

DROP TABLE IF EXISTS `devices`;
/*!40101 SET @saved_cs_client     = @@character_set_client */;
/*!50503 SET character_set_client = utf8mb4 */;
CREATE TABLE `devices` (
  `id` int unsigned NOT NULL AUTO_INCREMENT,
  `s_n` varchar(30) NOT NULL COMMENT 'Серийный номер',
  `name` varchar(100) NOT NULL COMMENT 'Название устройства',
  `type_id` int unsigned DEFAULT NULL COMMENT 'Тип устройства',
  `vendor_id` int unsigned DEFAULT NULL COMMENT 'Производитель',
  `client_id` int unsigned DEFAULT NULL COMMENT 'Клиент, у которого находится устройство',
  `location_id` int unsigned DEFAULT NULL COMMENT 'Локация (где находится устройство)',
  `status_id` int unsigned DEFAULT NULL COMMENT 'Статус устройства',
  `user_id` int unsigned DEFAULT NULL COMMENT 'Пользователь, добавивший устройство',
  `on_warranty` tinyint(1) DEFAULT '0' COMMENT 'Находится ли устройство на гарантии.',
  `counter` int unsigned DEFAULT '0' COMMENT 'Текущее значение счетчика',
  `created_at` datetime DEFAULT CURRENT_TIMESTAMP,
  `updated_at` datetime DEFAULT CURRENT_TIMESTAMP ON UPDATE CURRENT_TIMESTAMP,
  PRIMARY KEY (`id`),
  UNIQUE KEY `s_n` (`s_n`),
  KEY `device_type_id_fk` (`type_id`),
  KEY `device_vendor_id_fk` (`vendor_id`),
  KEY `device_client_id_fk` (`client_id`),
  KEY `device_location_id_fk` (`location_id`),
  KEY `device_status_id_fk` (`status_id`),
  KEY `device_user_id_fk` (`user_id`),
  CONSTRAINT `device_client_id_fk` FOREIGN KEY (`client_id`) REFERENCES `clients` (`id`) ON DELETE RESTRICT ON UPDATE CASCADE,
  CONSTRAINT `device_location_id_fk` FOREIGN KEY (`location_id`) REFERENCES `locations` (`id`) ON DELETE RESTRICT ON UPDATE CASCADE,
  CONSTRAINT `device_status_id_fk` FOREIGN KEY (`status_id`) REFERENCES `device_statuses` (`id`) ON DELETE RESTRICT ON UPDATE CASCADE,
  CONSTRAINT `device_type_id_fk` FOREIGN KEY (`type_id`) REFERENCES `device_types` (`id`) ON DELETE RESTRICT ON UPDATE CASCADE,
  CONSTRAINT `device_user_id_fk` FOREIGN KEY (`user_id`) REFERENCES `users` (`id`) ON DELETE SET NULL,
  CONSTRAINT `device_vendor_id_fk` FOREIGN KEY (`vendor_id`) REFERENCES `vendors` (`id`) ON DELETE RESTRICT ON UPDATE CASCADE
) ENGINE=InnoDB AUTO_INCREMENT=256 DEFAULT CHARSET=utf8mb4 COLLATE=utf8mb4_0900_ai_ci;
/*!40101 SET character_set_client = @saved_cs_client */;

--
-- Dumping data for table `devices`
--

LOCK TABLES `devices` WRITE;
/*!40000 ALTER TABLE `devices` DISABLE KEYS */;
INSERT INTO `devices` VALUES (1,'\"SN-00001\"','\"МФУ HP LaserJet Pro MFP M28w\"',2,1,2,4,1,1,0,3395,'2020-07-23 15:32:30','2020-07-23 15:54:45'),(2,'\"SN-00002\"','\"Принтер HP LaserJet Pro M104w\"',1,1,2,5,1,1,0,8618,'2020-07-23 15:32:30','2020-07-23 15:54:45'),(3,'\"SN-00003\"','\"МФУ Brother DCP-L3550CDW\"',2,2,4,10,1,1,0,8895,'2020-07-23 15:32:30','2020-07-23 15:54:45'),(4,'\"SN-00004\"','\"Принтер Xerox Phaser 3020BI\"',1,3,2,5,1,1,0,7361,'2020-07-23 15:32:30','2020-07-23 15:54:45'),(5,'\"SN-00005\"','\"МФУ KYOCERA ECOSYS M2235dn\"',2,4,2,4,1,1,0,9548,'2020-07-23 15:32:30','2020-07-23 15:54:45'),(6,'\"SN-00006\"','\"Принтер HP LaserJet Pro M15a\"',1,1,3,8,1,1,0,3276,'2020-07-23 15:32:30','2020-07-23 15:54:45'),(7,'\"SN-00007\"','\"МФУ KYOCERA ECOSYS M2040dn\"',2,4,4,10,1,1,0,6415,'2020-07-23 15:32:30','2020-07-23 15:54:45'),(8,'\"SN-00008\"','\"МФУ Brother DCP-1612WR\"',2,2,4,10,1,1,0,2369,'2020-07-23 15:32:30','2020-07-23 15:54:45'),(9,'\"SN-00009\"','\"Принтер HP LaserJet Pro M15w\"',1,1,1,2,1,1,0,5557,'2020-07-23 15:32:30','2020-07-23 15:54:45'),(10,'\"SN-00010\"','\"МФУ HP LaserJet Pro MFP M426fdn\"',2,1,4,10,1,1,0,8563,'2020-07-23 15:32:30','2020-07-23 15:54:45'),(11,'\"SN-00011\"','\"МФУ Brother DCP-L2500DR\"',2,2,4,10,1,1,0,7938,'2020-07-23 15:32:30','2020-07-23 15:54:45'),(12,'\"SN-00012\"','\"МФУ HP Ink Tank Wireless 419\"',2,1,4,10,2,1,0,7571,'2020-07-23 15:32:30','2020-07-23 15:54:45'),(13,'\"SN-00013\"','\"МФУ Brother MFC-L3770CDW\"',2,2,2,4,1,1,0,4077,'2020-07-23 15:32:30','2020-07-23 15:54:45'),(14,'\"SN-00014\"','\"МФУ Ricoh SP 325SNw\"',2,5,3,8,1,1,0,11112,'2020-07-23 15:32:30','2020-07-23 15:54:45'),(15,'\"SN-00015\"','\"Принтер Ricoh SP 150w\"',1,5,4,10,1,1,0,10120,'2020-07-23 15:32:30','2020-07-23 15:54:45'),(16,'\"SN-00016\"','\"МФУ Lexmark MX317dn\"',2,6,2,4,1,1,0,6730,'2020-07-23 15:32:30','2020-07-23 15:54:45'),(17,'\"SN-00017\"','\"МФУ Xerox WorkCentre Pro 123\"',2,3,2,5,3,1,0,10853,'2020-07-23 15:32:30','2020-07-23 15:54:45'),(18,'\"SN-00018\"','\"МФУ Lexmark MX517de\"',2,6,2,5,1,1,0,4030,'2020-07-23 15:32:30','2020-07-23 15:54:45'),(19,'\"SN-00019\"','\"Принтер Xerox VersaLink C400DN\"',1,3,1,3,1,1,0,5836,'2020-07-23 15:32:30','2020-07-23 15:54:45'),(20,'\"SN-00020\"','\"Принтер Xerox Phaser 6510DN\"',1,3,4,10,1,1,0,10011,'2020-07-23 15:32:30','2020-07-23 15:54:45'),(21,'\"SN-00021\"','\"МФУ Lexmark MB2236adw\"',2,6,3,9,1,1,0,2709,'2020-07-23 15:32:30','2020-07-23 15:54:45'),(22,'\"SN-00022\"','\"МФУ HP LaserJet Pro MFP M28w\"',2,1,2,5,1,1,0,7854,'2020-07-23 15:32:30','2020-07-23 15:54:45'),(23,'\"SN-00023\"','\"Принтер HP LaserJet Pro M104w\"',1,1,4,10,2,1,0,7143,'2020-07-23 15:32:30','2020-07-23 15:54:45'),(24,'\"SN-00024\"','\"МФУ Brother DCP-L3550CDW\"',2,2,4,10,1,1,0,3713,'2020-07-23 15:32:30','2020-07-23 15:54:45'),(25,'\"SN-00025\"','\"Принтер Xerox Phaser 3020BI\"',1,3,4,10,1,1,0,5686,'2020-07-23 15:32:30','2020-07-23 15:54:45'),(26,'\"SN-00026\"','\"МФУ KYOCERA ECOSYS M2235dn\"',2,4,4,10,1,1,0,8524,'2020-07-23 15:32:30','2020-07-23 15:54:45'),(27,'\"SN-00027\"','\"Принтер HP LaserJet Pro M15a\"',1,1,1,2,1,1,0,6790,'2020-07-23 15:32:30','2020-07-23 15:54:45'),(28,'\"SN-00028\"','\"МФУ KYOCERA ECOSYS M2040dn\"',2,4,2,5,1,1,0,4596,'2020-07-23 15:32:30','2020-07-23 15:54:45'),(29,'\"SN-00029\"','\"МФУ Brother DCP-1612WR\"',2,2,2,4,2,1,0,3578,'2020-07-23 15:32:30','2020-07-23 15:54:45'),(30,'\"SN-00030\"','\"Принтер HP LaserJet Pro M15w\"',1,1,4,10,1,1,0,10175,'2020-07-23 15:32:30','2020-07-23 15:54:45'),(31,'\"SN-00031\"','\"МФУ HP LaserJet Pro MFP M426fdn\"',2,1,2,4,1,1,0,7485,'2020-07-23 15:32:30','2020-07-23 15:54:45'),(32,'\"SN-00032\"','\"МФУ Brother DCP-L2500DR\"',2,2,2,4,1,1,0,5394,'2020-07-23 15:32:30','2020-07-23 15:54:45'),(33,'\"SN-00033\"','\"МФУ HP Ink Tank Wireless 419\"',2,1,4,10,1,1,0,5723,'2020-07-23 15:32:30','2020-07-23 15:54:45'),(34,'\"SN-00034\"','\"МФУ Brother MFC-L3770CDW\"',2,2,1,3,1,1,0,11209,'2020-07-23 15:32:30','2020-07-23 15:54:45'),(35,'\"SN-00035\"','\"МФУ Ricoh SP 325SNw\"',2,5,2,5,1,1,0,6704,'2020-07-23 15:32:30','2020-07-23 15:54:45'),(36,'\"SN-00036\"','\"Принтер Ricoh SP 150w\"',1,5,1,2,1,1,0,4820,'2020-07-23 15:32:30','2020-07-23 15:54:45'),(37,'\"SN-00037\"','\"МФУ Lexmark MX317dn\"',2,6,2,4,1,1,0,11258,'2020-07-23 15:32:30','2020-07-23 15:54:45'),(38,'\"SN-00038\"','\"МФУ Xerox WorkCentre Pro 123\"',2,3,1,1,1,1,0,6815,'2020-07-23 15:32:30','2020-07-23 15:54:45'),(39,'\"SN-00039\"','\"МФУ Lexmark MX517de\"',2,6,1,2,1,1,0,4625,'2020-07-23 15:32:30','2020-07-23 15:54:45'),(40,'\"SN-00040\"','\"Принтер Xerox VersaLink C400DN\"',1,3,4,10,1,1,0,8251,'2020-07-23 15:32:30','2020-07-23 15:54:45'),(41,'\"SN-00041\"','\"Принтер Xerox Phaser 6510DN\"',1,3,3,9,1,1,0,5995,'2020-07-23 15:32:30','2020-07-23 15:54:45'),(42,'\"SN-00042\"','\"МФУ Lexmark MB2236adw\"',2,6,3,7,1,1,0,9406,'2020-07-23 15:32:30','2020-07-23 15:54:45'),(43,'\"SN-00043\"','\"МФУ HP LaserJet Pro MFP M28w\"',2,1,3,9,1,1,0,9901,'2020-07-23 15:32:30','2020-07-23 15:54:45'),(44,'\"SN-00044\"','\"Принтер HP LaserJet Pro M104w\"',1,1,2,4,1,1,0,7800,'2020-07-23 15:32:30','2020-07-23 15:54:45'),(45,'\"SN-00045\"','\"МФУ Brother DCP-L3550CDW\"',2,2,1,3,2,1,0,8399,'2020-07-23 15:32:30','2020-07-23 15:54:45'),(46,'\"SN-00046\"','\"Принтер Xerox Phaser 3020BI\"',1,3,3,6,1,1,0,9524,'2020-07-23 15:32:30','2020-07-23 15:54:45'),(47,'\"SN-00047\"','\"МФУ KYOCERA ECOSYS M2235dn\"',2,4,2,5,1,1,0,5144,'2020-07-23 15:32:30','2020-07-23 15:54:45'),(48,'\"SN-00048\"','\"Принтер HP LaserJet Pro M15a\"',1,1,1,3,1,1,0,8532,'2020-07-23 15:32:30','2020-07-23 15:54:45'),(49,'\"SN-00049\"','\"МФУ KYOCERA ECOSYS M2040dn\"',2,4,1,3,1,1,0,8674,'2020-07-23 15:32:30','2020-07-23 15:54:45'),(50,'\"SN-00050\"','\"МФУ Brother DCP-1612WR\"',2,2,4,10,1,1,0,3671,'2020-07-23 15:32:30','2020-07-23 15:54:45'),(51,'\"SN-00051\"','\"Принтер HP LaserJet Pro M15w\"',1,1,2,5,1,1,0,7597,'2020-07-23 15:32:30','2020-07-23 15:54:45'),(52,'\"SN-00052\"','\"МФУ HP LaserJet Pro MFP M426fdn\"',2,1,4,10,1,1,0,10455,'2020-07-23 15:32:30','2020-07-23 15:54:45'),(53,'\"SN-00053\"','\"МФУ Brother DCP-L2500DR\"',2,2,4,10,3,1,0,5868,'2020-07-23 15:32:30','2020-07-23 15:54:45'),(54,'\"SN-00054\"','\"МФУ HP Ink Tank Wireless 419\"',2,1,3,6,1,1,0,2933,'2020-07-23 15:32:30','2020-07-23 15:54:45'),(55,'\"SN-00055\"','\"МФУ Brother MFC-L3770CDW\"',2,2,2,4,1,1,0,10143,'2020-07-23 15:32:30','2020-07-23 15:54:45'),(56,'\"SN-00056\"','\"МФУ Ricoh SP 325SNw\"',2,5,2,4,1,1,0,9889,'2020-07-23 15:32:30','2020-07-23 15:54:45'),(57,'\"SN-00057\"','\"Принтер Ricoh SP 150w\"',1,5,3,6,1,1,0,8886,'2020-07-23 15:32:30','2020-07-23 15:54:45'),(58,'\"SN-00058\"','\"МФУ Lexmark MX317dn\"',2,6,2,5,1,1,0,2817,'2020-07-23 15:32:30','2020-07-23 15:54:45'),(59,'\"SN-00059\"','\"МФУ Xerox WorkCentre Pro 123\"',2,3,3,6,1,1,0,4695,'2020-07-23 15:32:30','2020-07-23 15:54:45'),(60,'\"SN-00060\"','\"МФУ Lexmark MX517de\"',2,6,3,8,1,1,0,8284,'2020-07-23 15:32:30','2020-07-23 15:54:45'),(61,'\"SN-00061\"','\"Принтер Xerox VersaLink C400DN\"',1,3,4,10,1,1,0,4852,'2020-07-23 15:32:30','2020-07-23 15:54:45'),(62,'\"SN-00062\"','\"Принтер Xerox Phaser 6510DN\"',1,3,1,1,2,1,0,2946,'2020-07-23 15:32:30','2020-07-23 15:54:45'),(63,'\"SN-00063\"','\"МФУ Lexmark MB2236adw\"',2,6,1,1,1,1,0,10237,'2020-07-23 15:32:30','2020-07-23 15:54:45'),(64,'\"SN-00064\"','\"МФУ HP LaserJet Pro MFP M28w\"',2,1,3,7,1,1,0,10601,'2020-07-23 15:32:30','2020-07-23 15:54:45'),(65,'\"SN-00065\"','\"Принтер HP LaserJet Pro M104w\"',1,1,4,10,1,1,0,8108,'2020-07-23 15:32:30','2020-07-23 15:54:45'),(66,'\"SN-00066\"','\"МФУ Brother DCP-L3550CDW\"',2,2,1,3,1,1,0,8373,'2020-07-23 15:32:30','2020-07-23 15:54:45'),(67,'\"SN-00067\"','\"Принтер Xerox Phaser 3020BI\"',1,3,3,9,1,1,0,9805,'2020-07-23 15:32:30','2020-07-23 15:54:45'),(68,'\"SN-00068\"','\"МФУ KYOCERA ECOSYS M2235dn\"',2,4,3,7,1,1,0,5656,'2020-07-23 15:32:30','2020-07-23 15:54:45'),(69,'\"SN-00069\"','\"Принтер HP LaserJet Pro M15a\"',1,1,1,1,1,1,0,5489,'2020-07-23 15:32:30','2020-07-23 15:54:45'),(70,'\"SN-00070\"','\"МФУ KYOCERA ECOSYS M2040dn\"',2,4,2,5,1,1,0,4457,'2020-07-23 15:32:30','2020-07-23 15:54:45'),(71,'\"SN-00071\"','\"МФУ Brother DCP-1612WR\"',2,2,2,5,3,1,0,2995,'2020-07-23 15:32:30','2020-07-23 15:54:45'),(72,'\"SN-00072\"','\"Принтер HP LaserJet Pro M15w\"',1,1,1,1,1,1,0,7431,'2020-07-23 15:32:30','2020-07-23 15:54:45'),(73,'\"SN-00073\"','\"МФУ HP LaserJet Pro MFP M426fdn\"',2,1,3,8,1,1,0,4161,'2020-07-23 15:32:30','2020-07-23 15:54:45'),(74,'\"SN-00074\"','\"МФУ Brother DCP-L2500DR\"',2,2,2,4,1,1,0,6691,'2020-07-23 15:32:30','2020-07-23 15:54:45'),(75,'\"SN-00075\"','\"МФУ HP Ink Tank Wireless 419\"',2,1,1,2,1,1,0,3966,'2020-07-23 15:32:30','2020-07-23 15:54:45'),(76,'\"SN-00076\"','\"МФУ Brother MFC-L3770CDW\"',2,2,1,1,1,1,0,5488,'2020-07-23 15:32:30','2020-07-23 15:54:45'),(77,'\"SN-00077\"','\"МФУ Ricoh SP 325SNw\"',2,5,4,10,1,1,0,9874,'2020-07-23 15:32:30','2020-07-23 15:54:45'),(78,'\"SN-00078\"','\"Принтер Ricoh SP 150w\"',1,5,4,10,1,1,0,5011,'2020-07-23 15:32:30','2020-07-23 15:54:45'),(79,'\"SN-00079\"','\"МФУ Lexmark MX317dn\"',2,6,2,4,1,1,0,6578,'2020-07-23 15:32:30','2020-07-23 15:54:45'),(80,'\"SN-00080\"','\"МФУ Xerox WorkCentre Pro 123\"',2,3,1,3,1,1,0,8722,'2020-07-23 15:32:30','2020-07-23 15:54:45'),(81,'\"SN-00081\"','\"МФУ Lexmark MX517de\"',2,6,4,10,1,1,0,3862,'2020-07-23 15:32:30','2020-07-23 15:54:45'),(82,'\"SN-00082\"','\"Принтер Xerox VersaLink C400DN\"',1,3,3,9,1,1,0,2354,'2020-07-23 15:32:30','2020-07-23 15:54:45'),(83,'\"SN-00083\"','\"Принтер Xerox Phaser 6510DN\"',1,3,4,10,2,1,0,8168,'2020-07-23 15:32:30','2020-07-23 15:54:45'),(84,'\"SN-00084\"','\"МФУ Lexmark MB2236adw\"',2,6,2,5,1,1,0,11733,'2020-07-23 15:32:30','2020-07-23 15:54:45'),(85,'\"SN-00085\"','\"МФУ HP LaserJet Pro MFP M28w\"',2,1,1,2,1,1,0,5730,'2020-07-23 15:32:30','2020-07-23 15:54:45'),(86,'\"SN-00086\"','\"Принтер HP LaserJet Pro M104w\"',1,1,1,3,1,1,0,9542,'2020-07-23 15:32:30','2020-07-23 15:54:45'),(87,'\"SN-00087\"','\"МФУ Brother DCP-L3550CDW\"',2,2,1,2,1,1,0,10492,'2020-07-23 15:32:30','2020-07-23 15:54:45'),(88,'\"SN-00088\"','\"Принтер Xerox Phaser 3020BI\"',1,3,4,10,1,1,0,11055,'2020-07-23 15:32:30','2020-07-23 15:54:45'),(89,'\"SN-00089\"','\"МФУ KYOCERA ECOSYS M2235dn\"',2,4,1,2,1,1,0,10550,'2020-07-23 15:32:30','2020-07-23 15:54:45'),(90,'\"SN-00090\"','\"Принтер HP LaserJet Pro M15a\"',1,1,2,5,1,1,0,5756,'2020-07-23 15:32:30','2020-07-23 15:54:45'),(91,'\"SN-00091\"','\"МФУ KYOCERA ECOSYS M2040dn\"',2,4,4,10,1,1,0,4746,'2020-07-23 15:32:30','2020-07-23 15:54:45'),(92,'\"SN-00092\"','\"МФУ Brother DCP-1612WR\"',2,2,3,6,1,1,0,4028,'2020-07-23 15:32:30','2020-07-23 15:54:45'),(93,'\"SN-00093\"','\"Принтер HP LaserJet Pro M15w\"',1,1,1,2,1,1,0,2940,'2020-07-23 15:32:30','2020-07-23 15:54:45'),(94,'\"SN-00094\"','\"МФУ HP LaserJet Pro MFP M426fdn\"',2,1,3,6,1,1,0,11212,'2020-07-23 15:32:30','2020-07-23 15:54:45'),(95,'\"SN-00095\"','\"МФУ Brother DCP-L2500DR\"',2,2,4,10,1,1,0,8364,'2020-07-23 15:32:30','2020-07-23 15:54:45'),(96,'\"SN-00096\"','\"МФУ HP Ink Tank Wireless 419\"',2,1,1,3,1,1,0,8409,'2020-07-23 15:32:30','2020-07-23 15:54:45'),(97,'\"SN-00097\"','\"МФУ Brother MFC-L3770CDW\"',2,2,1,1,1,1,0,11187,'2020-07-23 15:32:30','2020-07-23 15:54:45'),(98,'\"SN-00098\"','\"МФУ Ricoh SP 325SNw\"',2,5,2,4,1,1,0,4940,'2020-07-23 15:32:30','2020-07-23 15:54:45'),(99,'\"SN-00099\"','\"Принтер Ricoh SP 150w\"',1,5,2,5,1,1,0,5636,'2020-07-23 15:32:30','2020-07-23 15:54:45'),(100,'\"SN-00100\"','\"МФУ Lexmark MX317dn\"',2,6,4,10,3,1,0,8027,'2020-07-23 15:32:30','2020-07-23 15:54:45'),(101,'\"SN-00101\"','\"МФУ Xerox WorkCentre Pro 123\"',2,3,4,10,1,1,0,11114,'2020-07-23 15:32:30','2020-07-23 15:54:45'),(102,'\"SN-00102\"','\"МФУ Lexmark MX517de\"',2,6,3,8,1,1,0,4377,'2020-07-23 15:32:30','2020-07-23 15:54:45'),(103,'\"SN-00103\"','\"Принтер Xerox VersaLink C400DN\"',1,3,1,2,1,1,0,11511,'2020-07-23 15:32:30','2020-07-23 15:54:45'),(104,'\"SN-00104\"','\"Принтер Xerox Phaser 6510DN\"',1,3,1,3,1,1,0,2722,'2020-07-23 15:32:30','2020-07-23 15:54:45'),(105,'\"SN-00105\"','\"МФУ Lexmark MB2236adw\"',2,6,2,4,1,1,0,4657,'2020-07-23 15:32:30','2020-07-23 15:54:45'),(106,'\"SN-00106\"','\"МФУ HP LaserJet Pro MFP M28w\"',2,1,4,10,1,1,0,8837,'2020-07-23 15:32:30','2020-07-23 15:54:45'),(107,'\"SN-00107\"','\"Принтер HP LaserJet Pro M104w\"',1,1,2,4,1,1,0,10189,'2020-07-23 15:32:30','2020-07-23 15:54:45'),(108,'\"SN-00108\"','\"МФУ Brother DCP-L3550CDW\"',2,2,2,4,1,1,0,11755,'2020-07-23 15:32:30','2020-07-23 15:54:45'),(109,'\"SN-00109\"','\"Принтер Xerox Phaser 3020BI\"',1,3,4,10,1,1,0,4085,'2020-07-23 15:32:30','2020-07-23 15:54:45'),(110,'\"SN-00110\"','\"МФУ KYOCERA ECOSYS M2235dn\"',2,4,4,10,1,1,0,6486,'2020-07-23 15:32:30','2020-07-23 15:54:45'),(111,'\"SN-00111\"','\"Принтер HP LaserJet Pro M15a\"',1,1,3,6,1,1,0,5475,'2020-07-23 15:32:30','2020-07-23 15:54:45'),(112,'\"SN-00112\"','\"МФУ KYOCERA ECOSYS M2040dn\"',2,4,3,8,1,1,0,11517,'2020-07-23 15:32:30','2020-07-23 15:54:45'),(113,'\"SN-00113\"','\"МФУ Brother DCP-1612WR\"',2,2,1,3,1,1,0,12776,'2020-07-23 15:32:30','2020-07-23 15:54:45'),(114,'\"SN-00114\"','\"Принтер HP LaserJet Pro M15w\"',1,1,2,5,1,1,0,4652,'2020-07-23 15:32:30','2020-07-23 15:54:45'),(115,'\"SN-00115\"','\"МФУ HP LaserJet Pro MFP M426fdn\"',2,1,4,10,3,1,0,7521,'2020-07-23 15:32:30','2020-07-23 15:54:45'),(116,'\"SN-00116\"','\"МФУ Brother DCP-L2500DR\"',2,2,2,5,1,1,0,6947,'2020-07-23 15:32:30','2020-07-23 15:54:45'),(117,'\"SN-00117\"','\"МФУ HP Ink Tank Wireless 419\"',2,1,1,3,1,1,0,8526,'2020-07-23 15:32:30','2020-07-23 15:54:45'),(118,'\"SN-00118\"','\"МФУ Brother MFC-L3770CDW\"',2,2,4,10,1,1,0,6625,'2020-07-23 15:32:30','2020-07-23 15:54:45'),(119,'\"SN-00119\"','\"МФУ Ricoh SP 325SNw\"',2,5,4,10,1,1,0,10226,'2020-07-23 15:32:30','2020-07-23 15:54:45'),(120,'\"SN-00120\"','\"Принтер Ricoh SP 150w\"',1,5,3,8,1,1,0,7836,'2020-07-23 15:32:30','2020-07-23 15:54:45'),(121,'\"SN-00121\"','\"МФУ Lexmark MX317dn\"',2,6,3,9,1,1,0,8965,'2020-07-23 15:32:30','2020-07-23 15:54:45'),(122,'\"SN-00122\"','\"МФУ Xerox WorkCentre Pro 123\"',2,3,1,1,1,1,0,12042,'2020-07-23 15:32:30','2020-07-23 15:54:45'),(123,'\"SN-00123\"','\"МФУ Lexmark MX517de\"',2,6,4,10,1,1,0,5076,'2020-07-23 15:32:30','2020-07-23 15:54:45'),(124,'\"SN-00124\"','\"Принтер Xerox VersaLink C400DN\"',1,3,2,4,1,1,0,2713,'2020-07-23 15:32:30','2020-07-23 15:54:45'),(125,'\"SN-00125\"','\"Принтер Xerox Phaser 6510DN\"',1,3,2,5,1,1,0,11932,'2020-07-23 15:32:30','2020-07-23 15:54:45'),(126,'\"SN-00126\"','\"МФУ Lexmark MB2236adw\"',2,6,1,2,2,1,0,6398,'2020-07-23 15:32:30','2020-07-23 15:54:45'),(127,'\"SN-00127\"','\"МФУ HP LaserJet Pro MFP M28w\"',2,1,4,10,1,1,0,8417,'2020-07-23 15:32:30','2020-07-23 15:54:45'),(128,'\"SN-00128\"','\"Принтер HP LaserJet Pro M104w\"',1,1,2,4,1,1,0,7383,'2020-07-23 15:32:30','2020-07-23 15:54:45'),(129,'\"SN-00129\"','\"МФУ Brother DCP-L3550CDW\"',2,2,4,10,1,1,0,7013,'2020-07-23 15:32:30','2020-07-23 15:54:45'),(130,'\"SN-00130\"','\"Принтер Xerox Phaser 3020BI\"',1,3,3,6,1,1,0,10412,'2020-07-23 15:32:30','2020-07-23 15:54:45'),(131,'\"SN-00131\"','\"МФУ KYOCERA ECOSYS M2235dn\"',2,4,3,6,1,1,0,11660,'2020-07-23 15:32:30','2020-07-23 15:54:45'),(132,'\"SN-00132\"','\"Принтер HP LaserJet Pro M15a\"',1,1,4,10,1,1,0,9996,'2020-07-23 15:32:30','2020-07-23 15:54:45'),(133,'\"SN-00133\"','\"МФУ KYOCERA ECOSYS M2040dn\"',2,4,3,8,1,1,0,3107,'2020-07-23 15:32:30','2020-07-23 15:54:45'),(134,'\"SN-00134\"','\"МФУ Brother DCP-1612WR\"',2,2,4,10,1,1,0,6012,'2020-07-23 15:32:30','2020-07-23 15:54:45'),(135,'\"SN-00135\"','\"Принтер HP LaserJet Pro M15w\"',1,1,4,10,1,1,0,6940,'2020-07-23 15:32:30','2020-07-23 15:54:45'),(136,'\"SN-00136\"','\"МФУ HP LaserJet Pro MFP M426fdn\"',2,1,4,10,1,1,0,8158,'2020-07-23 15:32:30','2020-07-23 15:54:45'),(137,'\"SN-00137\"','\"МФУ Brother DCP-L2500DR\"',2,2,3,6,1,1,0,12073,'2020-07-23 15:32:30','2020-07-23 15:54:45'),(138,'\"SN-00138\"','\"МФУ HP Ink Tank Wireless 419\"',2,1,1,1,1,1,0,7616,'2020-07-23 15:32:30','2020-07-23 15:54:45'),(139,'\"SN-00139\"','\"МФУ Brother MFC-L3770CDW\"',2,2,4,10,1,1,0,7823,'2020-07-23 15:32:30','2020-07-23 15:54:45'),(140,'\"SN-00140\"','\"МФУ Ricoh SP 325SNw\"',2,5,3,9,1,1,0,10372,'2020-07-23 15:32:30','2020-07-23 15:54:45'),(141,'\"SN-00141\"','\"Принтер Ricoh SP 150w\"',1,5,2,4,1,1,0,5699,'2020-07-23 15:32:30','2020-07-23 15:54:45'),(142,'\"SN-00142\"','\"МФУ Lexmark MX317dn\"',2,6,2,5,1,1,0,10357,'2020-07-23 15:32:30','2020-07-23 15:54:45'),(143,'\"SN-00143\"','\"МФУ Xerox WorkCentre Pro 123\"',2,3,1,3,1,1,0,6590,'2020-07-23 15:32:30','2020-07-23 15:54:45'),(144,'\"SN-00144\"','\"МФУ Lexmark MX517de\"',2,6,3,7,1,1,0,7667,'2020-07-23 15:32:30','2020-07-23 15:54:45'),(145,'\"SN-00145\"','\"Принтер Xerox VersaLink C400DN\"',1,3,4,10,1,1,0,3352,'2020-07-23 15:32:30','2020-07-23 15:54:45'),(146,'\"SN-00146\"','\"Принтер Xerox Phaser 6510DN\"',1,3,4,10,1,1,0,10225,'2020-07-23 15:32:30','2020-07-23 15:54:45'),(147,'\"SN-00147\"','\"МФУ Lexmark MB2236adw\"',2,6,3,8,1,1,0,11972,'2020-07-23 15:32:30','2020-07-23 15:54:45'),(148,'\"SN-00148\"','\"МФУ HP LaserJet Pro MFP M28w\"',2,1,2,4,1,1,0,6456,'2020-07-23 15:32:30','2020-07-23 15:54:45'),(149,'\"SN-00149\"','\"Принтер HP LaserJet Pro M104w\"',1,1,3,6,1,1,0,4366,'2020-07-23 15:32:30','2020-07-23 15:54:45'),(150,'\"SN-00150\"','\"МФУ Brother DCP-L3550CDW\"',2,2,1,2,1,1,0,10650,'2020-07-23 15:32:30','2020-07-23 15:54:45'),(151,'\"SN-00151\"','\"Принтер Xerox Phaser 3020BI\"',1,3,3,9,1,1,0,10840,'2020-07-23 15:32:30','2020-07-23 15:54:45'),(152,'\"SN-00152\"','\"МФУ KYOCERA ECOSYS M2235dn\"',2,4,2,4,1,1,0,7005,'2020-07-23 15:32:30','2020-07-23 15:54:45'),(153,'\"SN-00153\"','\"Принтер HP LaserJet Pro M15a\"',1,1,4,10,1,1,0,7647,'2020-07-23 15:32:30','2020-07-23 15:54:45'),(154,'\"SN-00154\"','\"МФУ KYOCERA ECOSYS M2040dn\"',2,4,4,10,2,1,0,5132,'2020-07-23 15:32:30','2020-07-23 15:54:45'),(155,'\"SN-00155\"','\"МФУ Brother DCP-1612WR\"',2,2,3,6,1,1,0,10757,'2020-07-23 15:32:30','2020-07-23 15:54:45'),(156,'\"SN-00156\"','\"Принтер HP LaserJet Pro M15w\"',1,1,2,4,1,1,0,4684,'2020-07-23 15:32:30','2020-07-23 15:54:45'),(157,'\"SN-00157\"','\"МФУ HP LaserJet Pro MFP M426fdn\"',2,1,2,5,1,1,0,10124,'2020-07-23 15:32:30','2020-07-23 15:54:45'),(158,'\"SN-00158\"','\"МФУ Brother DCP-L2500DR\"',2,2,3,9,1,1,0,6792,'2020-07-23 15:32:30','2020-07-23 15:54:45'),(159,'\"SN-00159\"','\"МФУ HP Ink Tank Wireless 419\"',2,1,1,1,1,1,0,7296,'2020-07-23 15:32:30','2020-07-23 15:54:45'),(160,'\"SN-00160\"','\"МФУ Brother MFC-L3770CDW\"',2,2,1,1,1,1,0,8961,'2020-07-23 15:32:30','2020-07-23 15:54:45'),(161,'\"SN-00161\"','\"МФУ Ricoh SP 325SNw\"',2,5,2,4,1,1,0,6089,'2020-07-23 15:32:30','2020-07-23 15:54:45'),(162,'\"SN-00162\"','\"Принтер Ricoh SP 150w\"',1,5,1,1,1,1,0,9487,'2020-07-23 15:32:30','2020-07-23 15:54:45'),(163,'\"SN-00163\"','\"МФУ Lexmark MX317dn\"',2,6,4,10,1,1,0,2537,'2020-07-23 15:32:30','2020-07-23 15:54:45'),(164,'\"SN-00164\"','\"МФУ Xerox WorkCentre Pro 123\"',2,3,4,10,1,1,0,5081,'2020-07-23 15:32:30','2020-07-23 15:54:45'),(165,'\"SN-00165\"','\"МФУ Lexmark MX517de\"',2,6,3,7,1,1,0,8765,'2020-07-23 15:32:30','2020-07-23 15:54:45'),(166,'\"SN-00166\"','\"Принтер Xerox VersaLink C400DN\"',1,3,4,10,1,1,0,4093,'2020-07-23 15:32:30','2020-07-23 15:54:45'),(167,'\"SN-00167\"','\"Принтер Xerox Phaser 6510DN\"',1,3,3,7,1,1,0,6657,'2020-07-23 15:32:30','2020-07-23 15:54:45'),(168,'\"SN-00168\"','\"МФУ Lexmark MB2236adw\"',2,6,4,10,1,1,0,5000,'2020-07-23 15:32:30','2020-07-23 15:54:45'),(169,'\"SN-00169\"','\"МФУ HP LaserJet Pro MFP M28w\"',2,1,3,7,1,1,0,7720,'2020-07-23 15:32:30','2020-07-23 15:54:45'),(170,'\"SN-00170\"','\"Принтер HP LaserJet Pro M104w\"',1,1,2,5,1,1,0,3099,'2020-07-23 15:32:30','2020-07-23 15:54:45'),(171,'\"SN-00171\"','\"МФУ Brother DCP-L3550CDW\"',2,2,3,8,1,1,0,9156,'2020-07-23 15:32:30','2020-07-23 15:54:45'),(172,'\"SN-00172\"','\"Принтер Xerox Phaser 3020BI\"',1,3,1,2,1,1,0,2359,'2020-07-23 15:32:30','2020-07-23 15:54:45'),(173,'\"SN-00173\"','\"МФУ KYOCERA ECOSYS M2235dn\"',2,4,1,3,1,1,0,8269,'2020-07-23 15:32:30','2020-07-23 15:54:45'),(174,'\"SN-00174\"','\"Принтер HP LaserJet Pro M15a\"',1,1,4,10,1,1,0,10786,'2020-07-23 15:32:30','2020-07-23 15:54:45'),(175,'\"SN-00175\"','\"МФУ KYOCERA ECOSYS M2040dn\"',2,4,2,4,1,1,0,7412,'2020-07-23 15:32:30','2020-07-23 15:54:45'),(176,'\"SN-00176\"','\"МФУ Brother DCP-1612WR\"',2,2,4,10,1,1,0,10123,'2020-07-23 15:32:30','2020-07-23 15:54:45'),(177,'\"SN-00177\"','\"Принтер HP LaserJet Pro M15w\"',1,1,4,10,1,1,0,4410,'2020-07-23 15:32:30','2020-07-23 15:54:45'),(178,'\"SN-00178\"','\"МФУ HP LaserJet Pro MFP M426fdn\"',2,1,3,9,1,1,0,6860,'2020-07-23 15:32:30','2020-07-23 15:54:45'),(179,'\"SN-00179\"','\"МФУ Brother DCP-L2500DR\"',2,2,2,4,1,1,0,4205,'2020-07-23 15:32:30','2020-07-23 15:54:45'),(180,'\"SN-00180\"','\"МФУ HP Ink Tank Wireless 419\"',2,1,2,4,1,1,0,6034,'2020-07-23 15:32:30','2020-07-23 15:54:45'),(181,'\"SN-00181\"','\"МФУ Brother MFC-L3770CDW\"',2,2,2,4,1,1,0,4004,'2020-07-23 15:32:30','2020-07-23 15:54:45'),(182,'\"SN-00182\"','\"МФУ Ricoh SP 325SNw\"',2,5,4,10,1,1,0,9605,'2020-07-23 15:32:30','2020-07-23 15:54:45'),(183,'\"SN-00183\"','\"Принтер Ricoh SP 150w\"',1,5,4,10,1,1,0,6689,'2020-07-23 15:32:30','2020-07-23 15:54:45'),(184,'\"SN-00184\"','\"МФУ Lexmark MX317dn\"',2,6,3,9,1,1,0,11109,'2020-07-23 15:32:30','2020-07-23 15:54:45'),(185,'\"SN-00185\"','\"МФУ Xerox WorkCentre Pro 123\"',2,3,1,2,1,1,0,4939,'2020-07-23 15:32:30','2020-07-23 15:54:45'),(186,'\"SN-00186\"','\"МФУ Lexmark MX517de\"',2,6,1,1,2,1,0,3365,'2020-07-23 15:32:30','2020-07-23 15:54:45'),(187,'\"SN-00187\"','\"Принтер Xerox VersaLink C400DN\"',1,3,3,7,1,1,0,10505,'2020-07-23 15:32:30','2020-07-23 15:54:45'),(188,'\"SN-00188\"','\"Принтер Xerox Phaser 6510DN\"',1,3,2,4,1,1,0,8288,'2020-07-23 15:32:30','2020-07-23 15:54:45'),(189,'\"SN-00189\"','\"МФУ Lexmark MB2236adw\"',2,6,4,10,1,1,0,5379,'2020-07-23 15:32:30','2020-07-23 15:54:45'),(190,'\"SN-00190\"','\"МФУ HP LaserJet Pro MFP M28w\"',2,1,4,10,1,1,0,4044,'2020-07-23 15:32:30','2020-07-23 15:54:45'),(191,'\"SN-00191\"','\"Принтер HP LaserJet Pro M104w\"',1,1,3,9,1,1,0,4713,'2020-07-23 15:32:30','2020-07-23 15:54:45'),(192,'\"SN-00192\"','\"МФУ Brother DCP-L3550CDW\"',2,2,3,7,1,1,0,6836,'2020-07-23 15:32:30','2020-07-23 15:54:45'),(193,'\"SN-00193\"','\"Принтер Xerox Phaser 3020BI\"',1,3,4,10,1,1,0,6917,'2020-07-23 15:32:30','2020-07-23 15:54:45'),(194,'\"SN-00194\"','\"МФУ KYOCERA ECOSYS M2235dn\"',2,4,3,7,1,1,0,8411,'2020-07-23 15:32:30','2020-07-23 15:54:45'),(195,'\"SN-00195\"','\"Принтер HP LaserJet Pro M15a\"',1,1,2,5,1,1,0,11966,'2020-07-23 15:32:30','2020-07-23 15:54:45'),(196,'\"SN-00196\"','\"МФУ KYOCERA ECOSYS M2040dn\"',2,4,3,7,1,1,0,9939,'2020-07-23 15:32:30','2020-07-23 15:54:45'),(197,'\"SN-00197\"','\"МФУ Brother DCP-1612WR\"',2,2,3,7,1,1,0,7828,'2020-07-23 15:32:30','2020-07-23 15:54:45'),(198,'\"SN-00198\"','\"Принтер HP LaserJet Pro M15w\"',1,1,2,5,1,1,0,5680,'2020-07-23 15:32:30','2020-07-23 15:54:45'),(199,'\"SN-00199\"','\"МФУ HP LaserJet Pro MFP M426fdn\"',2,1,1,3,1,1,0,4170,'2020-07-23 15:32:30','2020-07-23 15:54:45'),(200,'\"SN-00200\"','\"МФУ Brother DCP-L2500DR\"',2,2,1,1,1,1,0,6494,'2020-07-23 15:32:30','2020-07-23 15:54:45'),(201,'\"SN-00201\"','\"МФУ HP Ink Tank Wireless 419\"',2,1,1,3,1,1,0,11709,'2020-07-23 15:32:30','2020-07-23 15:54:45'),(202,'\"SN-00202\"','\"МФУ Brother MFC-L3770CDW\"',2,2,3,6,1,1,0,5676,'2020-07-23 15:32:30','2020-07-23 15:54:45'),(203,'\"SN-00203\"','\"МФУ Ricoh SP 325SNw\"',2,5,2,4,1,1,0,9518,'2020-07-23 15:32:30','2020-07-23 15:54:45'),(204,'\"SN-00204\"','\"Принтер Ricoh SP 150w\"',1,5,1,1,1,1,0,7458,'2020-07-23 15:32:30','2020-07-23 15:54:45'),(205,'\"SN-00205\"','\"МФУ Lexmark MX317dn\"',2,6,4,10,1,1,0,6724,'2020-07-23 15:32:30','2020-07-23 15:54:45'),(206,'\"SN-00206\"','\"МФУ Xerox WorkCentre Pro 123\"',2,3,4,10,1,1,0,3426,'2020-07-23 15:32:30','2020-07-23 15:54:45'),(207,'\"SN-00207\"','\"МФУ Lexmark MX517de\"',2,6,4,10,1,1,0,4424,'2020-07-23 15:32:30','2020-07-23 15:54:45'),(208,'\"SN-00208\"','\"Принтер Xerox VersaLink C400DN\"',1,3,3,6,1,1,0,3133,'2020-07-23 15:32:30','2020-07-23 15:54:45'),(209,'\"SN-00209\"','\"Принтер Xerox Phaser 6510DN\"',1,3,4,10,1,1,0,9243,'2020-07-23 15:32:30','2020-07-23 15:54:45'),(210,'\"SN-00210\"','\"МФУ Lexmark MB2236adw\"',2,6,3,9,1,1,0,8693,'2020-07-23 15:32:30','2020-07-23 15:54:45'),(211,'\"SN-00211\"','\"МФУ HP LaserJet Pro MFP M28w\"',2,1,2,5,1,1,0,9611,'2020-07-23 15:32:30','2020-07-23 15:54:45'),(212,'\"SN-00212\"','\"Принтер HP LaserJet Pro M104w\"',1,1,2,5,1,1,0,12009,'2020-07-23 15:32:30','2020-07-23 15:54:45'),(213,'\"SN-00213\"','\"МФУ Brother DCP-L3550CDW\"',2,2,3,9,1,1,0,11442,'2020-07-23 15:32:30','2020-07-23 15:54:45'),(214,'\"SN-00214\"','\"Принтер Xerox Phaser 3020BI\"',1,3,1,1,1,1,0,7606,'2020-07-23 15:32:30','2020-07-23 15:54:45'),(215,'\"SN-00215\"','\"МФУ KYOCERA ECOSYS M2235dn\"',2,4,3,6,1,1,0,6518,'2020-07-23 15:32:30','2020-07-23 15:54:45'),(216,'\"SN-00216\"','\"Принтер HP LaserJet Pro M15a\"',1,1,4,10,1,1,0,11079,'2020-07-23 15:32:30','2020-07-23 15:54:45'),(217,'\"SN-00217\"','\"МФУ KYOCERA ECOSYS M2040dn\"',2,4,2,5,1,1,0,5762,'2020-07-23 15:32:30','2020-07-23 15:54:45'),(218,'\"SN-00218\"','\"МФУ Brother DCP-1612WR\"',2,2,3,7,1,1,0,7190,'2020-07-23 15:32:30','2020-07-23 15:54:45'),(219,'\"SN-00219\"','\"Принтер HP LaserJet Pro M15w\"',1,1,1,2,1,1,0,4282,'2020-07-23 15:32:30','2020-07-23 15:54:45'),(220,'\"SN-00220\"','\"МФУ HP LaserJet Pro MFP M426fdn\"',2,1,2,5,1,1,0,3868,'2020-07-23 15:32:30','2020-07-23 15:54:45'),(221,'\"SN-00221\"','\"МФУ Brother DCP-L2500DR\"',2,2,1,1,1,1,0,6219,'2020-07-23 15:32:30','2020-07-23 15:54:45'),(222,'\"SN-00222\"','\"МФУ HP Ink Tank Wireless 419\"',2,1,3,8,1,1,0,6138,'2020-07-23 15:32:30','2020-07-23 15:54:45'),(223,'\"SN-00223\"','\"МФУ Brother MFC-L3770CDW\"',2,2,3,8,3,1,0,9009,'2020-07-23 15:32:30','2020-07-23 15:54:45'),(224,'\"SN-00224\"','\"МФУ Ricoh SP 325SNw\"',2,5,4,10,1,1,0,7070,'2020-07-23 15:32:30','2020-07-23 15:54:45'),(225,'\"SN-00225\"','\"Принтер Ricoh SP 150w\"',1,5,2,5,1,1,0,4891,'2020-07-23 15:32:30','2020-07-23 15:54:45'),(226,'\"SN-00226\"','\"МФУ Lexmark MX317dn\"',2,6,3,8,1,1,0,4016,'2020-07-23 15:32:30','2020-07-23 15:54:45'),(227,'\"SN-00227\"','\"МФУ Xerox WorkCentre Pro 123\"',2,3,2,5,1,1,0,2481,'2020-07-23 15:32:30','2020-07-23 15:54:45'),(228,'\"SN-00228\"','\"МФУ Lexmark MX517de\"',2,6,4,10,1,1,0,5360,'2020-07-23 15:32:30','2020-07-23 15:54:45'),(229,'\"SN-00229\"','\"Принтер Xerox VersaLink C400DN\"',1,3,2,5,1,1,0,10626,'2020-07-23 15:32:30','2020-07-23 15:54:45'),(230,'\"SN-00230\"','\"Принтер Xerox Phaser 6510DN\"',1,3,1,3,1,1,0,10344,'2020-07-23 15:32:30','2020-07-23 15:54:45'),(231,'\"SN-00231\"','\"МФУ Lexmark MB2236adw\"',2,6,4,10,1,1,0,7712,'2020-07-23 15:32:30','2020-07-23 15:54:45'),(232,'\"SN-00232\"','\"МФУ HP LaserJet Pro MFP M28w\"',2,1,1,1,1,1,0,4197,'2020-07-23 15:32:30','2020-07-23 15:54:45'),(233,'\"SN-00233\"','\"Принтер HP LaserJet Pro M104w\"',1,1,4,10,1,1,0,6774,'2020-07-23 15:32:30','2020-07-23 15:54:45'),(234,'\"SN-00234\"','\"МФУ Brother DCP-L3550CDW\"',2,2,4,10,1,1,0,5287,'2020-07-23 15:32:30','2020-07-23 15:54:45'),(235,'\"SN-00235\"','\"Принтер Xerox Phaser 3020BI\"',1,3,4,10,1,1,0,5565,'2020-07-23 15:32:30','2020-07-23 15:54:45'),(236,'\"SN-00236\"','\"МФУ KYOCERA ECOSYS M2235dn\"',2,4,1,1,1,1,0,11055,'2020-07-23 15:32:30','2020-07-23 15:54:45'),(237,'\"SN-00237\"','\"Принтер HP LaserJet Pro M15a\"',1,1,2,5,1,1,0,10008,'2020-07-23 15:32:30','2020-07-23 15:54:45'),(238,'\"SN-00238\"','\"МФУ KYOCERA ECOSYS M2040dn\"',2,4,3,9,1,1,0,8132,'2020-07-23 15:32:30','2020-07-23 15:54:45'),(239,'\"SN-00239\"','\"МФУ Brother DCP-1612WR\"',2,2,4,10,1,1,0,4042,'2020-07-23 15:32:30','2020-07-23 15:54:45'),(240,'\"SN-00240\"','\"Принтер HP LaserJet Pro M15w\"',1,1,1,3,1,1,0,6869,'2020-07-23 15:32:30','2020-07-23 15:54:45'),(241,'\"SN-00241\"','\"МФУ HP LaserJet Pro MFP M426fdn\"',2,1,1,3,1,1,0,5914,'2020-07-23 15:32:30','2020-07-23 15:54:45'),(242,'\"SN-00242\"','\"МФУ Brother DCP-L2500DR\"',2,2,3,8,1,1,0,2642,'2020-07-23 15:32:30','2020-07-23 15:54:45'),(243,'\"SN-00243\"','\"МФУ HP Ink Tank Wireless 419\"',2,1,1,3,1,1,0,9045,'2020-07-23 15:32:30','2020-07-23 15:54:45'),(244,'\"SN-00244\"','\"МФУ Brother MFC-L3770CDW\"',2,2,4,10,1,1,0,5911,'2020-07-23 15:32:30','2020-07-23 15:54:45'),(245,'\"SN-00245\"','\"МФУ Ricoh SP 325SNw\"',2,5,4,10,1,1,0,11725,'2020-07-23 15:32:30','2020-07-23 15:54:45'),(246,'\"SN-00246\"','\"Принтер Ricoh SP 150w\"',1,5,2,5,1,1,0,4679,'2020-07-23 15:32:30','2020-07-23 15:54:45'),(247,'\"SN-00247\"','\"МФУ Lexmark MX317dn\"',2,6,4,10,2,1,0,6991,'2020-07-23 15:32:30','2020-07-23 15:54:45'),(248,'\"SN-00248\"','\"МФУ Xerox WorkCentre Pro 123\"',2,3,2,5,1,1,0,9667,'2020-07-23 15:32:30','2020-07-23 15:54:45'),(249,'\"SN-00249\"','\"МФУ Lexmark MX517de\"',2,6,2,4,1,1,0,6314,'2020-07-23 15:32:30','2020-07-23 15:54:45'),(250,'\"SN-00250\"','\"Принтер Xerox VersaLink C400DN\"',1,3,2,4,1,1,0,11257,'2020-07-23 15:32:30','2020-07-23 15:54:45');
/*!40000 ALTER TABLE `devices` ENABLE KEYS */;
UNLOCK TABLES;
/*!50003 SET @saved_cs_client      = @@character_set_client */ ;
/*!50003 SET @saved_cs_results     = @@character_set_results */ ;
/*!50003 SET @saved_col_connection = @@collation_connection */ ;
/*!50003 SET character_set_client  = utf8mb4 */ ;
/*!50003 SET character_set_results = utf8mb4 */ ;
/*!50003 SET collation_connection  = utf8mb4_0900_ai_ci */ ;
/*!50003 SET @saved_sql_mode       = @@sql_mode */ ;
/*!50003 SET sql_mode              = 'ONLY_FULL_GROUP_BY,STRICT_TRANS_TABLES,NO_ZERO_IN_DATE,NO_ZERO_DATE,ERROR_FOR_DIVISION_BY_ZERO,NO_ENGINE_SUBSTITUTION' */ ;
DELIMITER ;;
/*!50003 CREATE*/ /*!50017 DEFINER=`root`@`localhost`*/ /*!50003 TRIGGER `add_device_insert_counter_record` AFTER INSERT ON `devices` FOR EACH ROW BEGIN
  INSERT INTO counters(device_id, counter, user_id) 
    VALUES (NEW.id, NEW.counter, NEW.user_id);
END */;;
DELIMITER ;
/*!50003 SET sql_mode              = @saved_sql_mode */ ;
/*!50003 SET character_set_client  = @saved_cs_client */ ;
/*!50003 SET character_set_results = @saved_cs_results */ ;
/*!50003 SET collation_connection  = @saved_col_connection */ ;

--
-- Table structure for table `documents`
--

DROP TABLE IF EXISTS `documents`;
/*!40101 SET @saved_cs_client     = @@character_set_client */;
/*!50503 SET character_set_client = utf8mb4 */;
CREATE TABLE `documents` (
  `id` int unsigned NOT NULL AUTO_INCREMENT,
  `name` varchar(100) NOT NULL COMMENT 'название документа',
  `work_id` int unsigned DEFAULT NULL COMMENT 'id работы, к которой относится документ',
  `url` varchar(255) NOT NULL COMMENT 'URL по которому находится файл документа',
  `user_id` int unsigned DEFAULT NULL COMMENT 'id пользователя, добавившего документ',
  `created_at` datetime DEFAULT CURRENT_TIMESTAMP,
  `updated_at` datetime DEFAULT CURRENT_TIMESTAMP ON UPDATE CURRENT_TIMESTAMP,
  PRIMARY KEY (`id`),
  KEY `document_work_id_fk` (`work_id`),
  KEY `document_user_id_fk` (`user_id`),
  CONSTRAINT `document_user_id_fk` FOREIGN KEY (`user_id`) REFERENCES `users` (`id`) ON DELETE SET NULL,
  CONSTRAINT `document_work_id_fk` FOREIGN KEY (`work_id`) REFERENCES `works` (`id`) ON DELETE CASCADE
) ENGINE=InnoDB DEFAULT CHARSET=utf8mb4 COLLATE=utf8mb4_0900_ai_ci;
/*!40101 SET character_set_client = @saved_cs_client */;

--
-- Dumping data for table `documents`
--

LOCK TABLES `documents` WRITE;
/*!40000 ALTER TABLE `documents` DISABLE KEYS */;
/*!40000 ALTER TABLE `documents` ENABLE KEYS */;
UNLOCK TABLES;

--
-- Table structure for table `locations`
--

DROP TABLE IF EXISTS `locations`;
/*!40101 SET @saved_cs_client     = @@character_set_client */;
/*!50503 SET character_set_client = utf8mb4 */;
CREATE TABLE `locations` (
  `id` int unsigned NOT NULL AUTO_INCREMENT,
  `name` varchar(50) NOT NULL,
  `city_id` int unsigned NOT NULL,
  `address` varchar(100) NOT NULL,
  `phone` varchar(100) NOT NULL,
  `client_id` int unsigned NOT NULL,
  PRIMARY KEY (`id`),
  KEY `location_client_id_fk` (`client_id`),
  KEY `location_city_id_fk` (`city_id`),
  CONSTRAINT `location_city_id_fk` FOREIGN KEY (`city_id`) REFERENCES `cities` (`id`) ON DELETE RESTRICT ON UPDATE CASCADE,
  CONSTRAINT `location_client_id_fk` FOREIGN KEY (`client_id`) REFERENCES `clients` (`id`) ON DELETE RESTRICT ON UPDATE CASCADE
) ENGINE=InnoDB AUTO_INCREMENT=11 DEFAULT CHARSET=utf8mb4 COLLATE=utf8mb4_0900_ai_ci;
/*!40101 SET character_set_client = @saved_cs_client */;

--
-- Dumping data for table `locations`
--

LOCK TABLES `locations` WRITE;
/*!40000 ALTER TABLE `locations` DISABLE KEYS */;
INSERT INTO `locations` VALUES (1,'Офис на Мясницкой',1,'ул. Мясницкая, 17стр1','(123) 456-78-90',1),(2,'Офис на Невском',2,'пр-кт Невский, д. 168','(123) 456-78-90',1),(3,'Офис на Максима Горького',3,'ул. Максима Горького, д. 117','(123) 456-78-90',1),(4,'Офис на Большой Ордынке',1,'ул. Большая Ордынка, 49, стр.1','(123) 456-78-90',2),(5,'Офис на Казанской',2,'ул. Казанская, д. 2, лит. А','(123) 456-78-90',2),(6,'Офис на Сущевке',1,'Сущёвский Вал ул, д. 67','(123) 456-78-90',3),(7,'Офис на Велозаводской',1,'Велозаводская ул, д. 11/1','(123) 456-78-90',3),(8,'Офис на Стачек',2,'Стачек пр-кт, д. 17','(123) 456-78-90',3),(9,'Офис на Лиговском',2,'Лиговский пр-кт, д. 119','(123) 456-78-90',3),(10,'Офис на Дербеневской',1,'Дербеневская наб., 7 строение 22','(123) 456-78-90',4);
/*!40000 ALTER TABLE `locations` ENABLE KEYS */;
UNLOCK TABLES;

--
-- Temporary view structure for view `print_volumes`
--

DROP TABLE IF EXISTS `print_volumes`;
/*!50001 DROP VIEW IF EXISTS `print_volumes`*/;
SET @saved_cs_client     = @@character_set_client;
/*!50503 SET character_set_client = utf8mb4 */;
/*!50001 CREATE VIEW `print_volumes` AS SELECT 
 1 AS `dev_id`,
 1 AS `volume`,
 1 AS `cl_id`,
 1 AS `cl_name`,
 1 AS `loc_id`,
 1 AS `loc_name`*/;
SET character_set_client = @saved_cs_client;

--
-- Table structure for table `user_roles`
--

DROP TABLE IF EXISTS `user_roles`;
/*!40101 SET @saved_cs_client     = @@character_set_client */;
/*!50503 SET character_set_client = utf8mb4 */;
CREATE TABLE `user_roles` (
  `id` int unsigned NOT NULL AUTO_INCREMENT,
  `name` varchar(30) NOT NULL,
  PRIMARY KEY (`id`)
) ENGINE=InnoDB AUTO_INCREMENT=4 DEFAULT CHARSET=utf8mb4 COLLATE=utf8mb4_0900_ai_ci;
/*!40101 SET character_set_client = @saved_cs_client */;

--
-- Dumping data for table `user_roles`
--

LOCK TABLES `user_roles` WRITE;
/*!40000 ALTER TABLE `user_roles` DISABLE KEYS */;
INSERT INTO `user_roles` VALUES (1,'administrator'),(2,'manager'),(3,'specialist');
/*!40000 ALTER TABLE `user_roles` ENABLE KEYS */;
UNLOCK TABLES;

--
-- Table structure for table `users`
--

DROP TABLE IF EXISTS `users`;
/*!40101 SET @saved_cs_client     = @@character_set_client */;
/*!50503 SET character_set_client = utf8mb4 */;
CREATE TABLE `users` (
  `id` int unsigned NOT NULL AUTO_INCREMENT,
  `name` varchar(50) NOT NULL COMMENT 'имя пользователя',
  `role_id` int unsigned DEFAULT NULL COMMENT 'роль пользователя',
  `created_at` datetime DEFAULT CURRENT_TIMESTAMP,
  `updated_at` datetime DEFAULT CURRENT_TIMESTAMP ON UPDATE CURRENT_TIMESTAMP,
  PRIMARY KEY (`id`),
  KEY `user_role_id_fk` (`role_id`),
  CONSTRAINT `user_role_id_fk` FOREIGN KEY (`role_id`) REFERENCES `user_roles` (`id`) ON DELETE SET NULL
) ENGINE=InnoDB AUTO_INCREMENT=2 DEFAULT CHARSET=utf8mb4 COLLATE=utf8mb4_0900_ai_ci;
/*!40101 SET character_set_client = @saved_cs_client */;

--
-- Dumping data for table `users`
--

LOCK TABLES `users` WRITE;
/*!40000 ALTER TABLE `users` DISABLE KEYS */;
INSERT INTO `users` VALUES (1,'Иван Петров',1,'2020-07-23 15:32:25','2020-07-23 15:32:25');
/*!40000 ALTER TABLE `users` ENABLE KEYS */;
UNLOCK TABLES;

--
-- Table structure for table `vendors`
--

DROP TABLE IF EXISTS `vendors`;
/*!40101 SET @saved_cs_client     = @@character_set_client */;
/*!50503 SET character_set_client = utf8mb4 */;
CREATE TABLE `vendors` (
  `id` int unsigned NOT NULL AUTO_INCREMENT,
  `name` varchar(50) NOT NULL,
  PRIMARY KEY (`id`)
) ENGINE=InnoDB AUTO_INCREMENT=7 DEFAULT CHARSET=utf8mb4 COLLATE=utf8mb4_0900_ai_ci;
/*!40101 SET character_set_client = @saved_cs_client */;

--
-- Dumping data for table `vendors`
--

LOCK TABLES `vendors` WRITE;
/*!40000 ALTER TABLE `vendors` DISABLE KEYS */;
INSERT INTO `vendors` VALUES (1,'HP'),(2,'Brother'),(3,'Xerox'),(4,'Kyocera'),(5,'Ricoh'),(6,'Lexmark');
/*!40000 ALTER TABLE `vendors` ENABLE KEYS */;
UNLOCK TABLES;

--
-- Table structure for table `warranties`
--

DROP TABLE IF EXISTS `warranties`;
/*!40101 SET @saved_cs_client     = @@character_set_client */;
/*!50503 SET character_set_client = utf8mb4 */;
CREATE TABLE `warranties` (
  `id` int unsigned NOT NULL AUTO_INCREMENT,
  `device_id` int unsigned NOT NULL COMMENT 'id устройства',
  `start_date` datetime NOT NULL DEFAULT CURRENT_TIMESTAMP COMMENT 'дата начала гарантийного срока',
  `end_date` date NOT NULL COMMENT 'дата окончания гарантийного срока',
  `created_at` datetime DEFAULT CURRENT_TIMESTAMP,
  `updated_at` datetime DEFAULT CURRENT_TIMESTAMP ON UPDATE CURRENT_TIMESTAMP,
  PRIMARY KEY (`id`),
  KEY `warranty_device_id_fk` (`device_id`),
  CONSTRAINT `warranty_device_id_fk` FOREIGN KEY (`device_id`) REFERENCES `devices` (`id`) ON DELETE CASCADE
) ENGINE=InnoDB DEFAULT CHARSET=utf8mb4 COLLATE=utf8mb4_0900_ai_ci;
/*!40101 SET character_set_client = @saved_cs_client */;

--
-- Dumping data for table `warranties`
--

LOCK TABLES `warranties` WRITE;
/*!40000 ALTER TABLE `warranties` DISABLE KEYS */;
/*!40000 ALTER TABLE `warranties` ENABLE KEYS */;
UNLOCK TABLES;
/*!50003 SET @saved_cs_client      = @@character_set_client */ ;
/*!50003 SET @saved_cs_results     = @@character_set_results */ ;
/*!50003 SET @saved_col_connection = @@collation_connection */ ;
/*!50003 SET character_set_client  = utf8mb4 */ ;
/*!50003 SET character_set_results = utf8mb4 */ ;
/*!50003 SET collation_connection  = utf8mb4_0900_ai_ci */ ;
/*!50003 SET @saved_sql_mode       = @@sql_mode */ ;
/*!50003 SET sql_mode              = 'ONLY_FULL_GROUP_BY,STRICT_TRANS_TABLES,NO_ZERO_IN_DATE,NO_ZERO_DATE,ERROR_FOR_DIVISION_BY_ZERO,NO_ENGINE_SUBSTITUTION' */ ;
DELIMITER ;;
/*!50003 CREATE*/ /*!50017 DEFINER=`root`@`localhost`*/ /*!50003 TRIGGER `warranty_record_update_devices_flag` AFTER INSERT ON `warranties` FOR EACH ROW BEGIN
  IF NOW() BETWEEN NEW.start_date AND NEW.end_date THEN
    UPDATE devices SET on_warranty = 1 WHERE id = NEW.device_id;
  END IF;
END */;;
DELIMITER ;
/*!50003 SET sql_mode              = @saved_sql_mode */ ;
/*!50003 SET character_set_client  = @saved_cs_client */ ;
/*!50003 SET character_set_results = @saved_cs_results */ ;
/*!50003 SET collation_connection  = @saved_col_connection */ ;

--
-- Table structure for table `works`
--

DROP TABLE IF EXISTS `works`;
/*!40101 SET @saved_cs_client     = @@character_set_client */;
/*!50503 SET character_set_client = utf8mb4 */;
CREATE TABLE `works` (
  `id` int unsigned NOT NULL AUTO_INCREMENT,
  `directory_id` int unsigned DEFAULT NULL COMMENT 'id работы в справочнике',
  `device_id` int unsigned DEFAULT NULL COMMENT 'id устройства по которому производились работы',
  `user_id` int unsigned DEFAULT NULL COMMENT 'id пользователя, добавившего работу',
  `created_at` datetime DEFAULT CURRENT_TIMESTAMP,
  `updated_at` datetime DEFAULT CURRENT_TIMESTAMP ON UPDATE CURRENT_TIMESTAMP,
  PRIMARY KEY (`id`),
  KEY `work_directory_id_fk` (`directory_id`),
  KEY `work_device_id_fk` (`device_id`),
  KEY `work_user_id_fk` (`user_id`),
  CONSTRAINT `work_device_id_fk` FOREIGN KEY (`device_id`) REFERENCES `devices` (`id`) ON DELETE CASCADE,
  CONSTRAINT `work_directory_id_fk` FOREIGN KEY (`directory_id`) REFERENCES `works_directory` (`id`) ON DELETE RESTRICT ON UPDATE CASCADE,
  CONSTRAINT `work_user_id_fk` FOREIGN KEY (`user_id`) REFERENCES `users` (`id`) ON DELETE SET NULL
) ENGINE=InnoDB DEFAULT CHARSET=utf8mb4 COLLATE=utf8mb4_0900_ai_ci;
/*!40101 SET character_set_client = @saved_cs_client */;

--
-- Dumping data for table `works`
--

LOCK TABLES `works` WRITE;
/*!40000 ALTER TABLE `works` DISABLE KEYS */;
/*!40000 ALTER TABLE `works` ENABLE KEYS */;
UNLOCK TABLES;

--
-- Table structure for table `works_directory`
--

DROP TABLE IF EXISTS `works_directory`;
/*!40101 SET @saved_cs_client     = @@character_set_client */;
/*!50503 SET character_set_client = utf8mb4 */;
CREATE TABLE `works_directory` (
  `id` int unsigned NOT NULL AUTO_INCREMENT,
  `name` varchar(100) NOT NULL,
  PRIMARY KEY (`id`)
) ENGINE=InnoDB DEFAULT CHARSET=utf8mb4 COLLATE=utf8mb4_0900_ai_ci;
/*!40101 SET character_set_client = @saved_cs_client */;

--
-- Dumping data for table `works_directory`
--

LOCK TABLES `works_directory` WRITE;
/*!40000 ALTER TABLE `works_directory` DISABLE KEYS */;
/*!40000 ALTER TABLE `works_directory` ENABLE KEYS */;
UNLOCK TABLES;

--
-- Final view structure for view `device_info`
--

/*!50001 DROP VIEW IF EXISTS `device_info`*/;
/*!50001 SET @saved_cs_client          = @@character_set_client */;
/*!50001 SET @saved_cs_results         = @@character_set_results */;
/*!50001 SET @saved_col_connection     = @@collation_connection */;
/*!50001 SET character_set_client      = utf8mb4 */;
/*!50001 SET character_set_results     = utf8mb4 */;
/*!50001 SET collation_connection      = utf8mb4_0900_ai_ci */;
/*!50001 CREATE ALGORITHM=UNDEFINED */
/*!50013 DEFINER=`root`@`localhost` SQL SECURITY DEFINER */
/*!50001 VIEW `device_info` AS select `devices`.`id` AS `id`,`devices`.`s_n` AS `s_n`,(select `vendors`.`name` from `vendors` where (`vendors`.`id` = `devices`.`vendor_id`)) AS `vendor`,`devices`.`name` AS `name`,`devices`.`counter` AS `counter`,(select `clients`.`name` from `clients` where (`clients`.`id` = `devices`.`client_id`)) AS `client`,(select `locations`.`name` from `locations` where (`locations`.`id` = `devices`.`location_id`)) AS `location`,(select `locations`.`address` from `locations` where (`locations`.`id` = `devices`.`location_id`)) AS `address` from `devices` */;
/*!50001 SET character_set_client      = @saved_cs_client */;
/*!50001 SET character_set_results     = @saved_cs_results */;
/*!50001 SET collation_connection      = @saved_col_connection */;

--
-- Final view structure for view `print_volumes`
--

/*!50001 DROP VIEW IF EXISTS `print_volumes`*/;
/*!50001 SET @saved_cs_client          = @@character_set_client */;
/*!50001 SET @saved_cs_results         = @@character_set_results */;
/*!50001 SET @saved_col_connection     = @@collation_connection */;
/*!50001 SET character_set_client      = utf8mb4 */;
/*!50001 SET character_set_results     = utf8mb4 */;
/*!50001 SET collation_connection      = utf8mb4_0900_ai_ci */;
/*!50001 CREATE ALGORITHM=UNDEFINED */
/*!50013 DEFINER=`root`@`localhost` SQL SECURITY DEFINER */
/*!50001 VIEW `print_volumes` AS select `devices`.`id` AS `dev_id`,(`devices`.`counter` - (select `counters`.`counter` from `counters` where (`counters`.`device_id` = `devices`.`id`) order by `counters`.`id` desc limit 1,1)) AS `volume`,`clients`.`id` AS `cl_id`,`clients`.`name` AS `cl_name`,`locations`.`id` AS `loc_id`,`locations`.`name` AS `loc_name` from ((`devices` join `clients` on((`clients`.`id` = `devices`.`client_id`))) join `locations` on((`locations`.`id` = `devices`.`location_id`))) */;
/*!50001 SET character_set_client      = @saved_cs_client */;
/*!50001 SET character_set_results     = @saved_cs_results */;
/*!50001 SET collation_connection      = @saved_col_connection */;
/*!40103 SET TIME_ZONE=@OLD_TIME_ZONE */;

/*!40101 SET SQL_MODE=@OLD_SQL_MODE */;
/*!40014 SET FOREIGN_KEY_CHECKS=@OLD_FOREIGN_KEY_CHECKS */;
/*!40014 SET UNIQUE_CHECKS=@OLD_UNIQUE_CHECKS */;
/*!40101 SET CHARACTER_SET_CLIENT=@OLD_CHARACTER_SET_CLIENT */;
/*!40101 SET CHARACTER_SET_RESULTS=@OLD_CHARACTER_SET_RESULTS */;
/*!40101 SET COLLATION_CONNECTION=@OLD_COLLATION_CONNECTION */;
/*!40111 SET SQL_NOTES=@OLD_SQL_NOTES */;

-- Dump completed on 2020-07-24 15:25:14
